index,logistic,ridge
0,0.7531329770115894,0.939001579218746
1,0.779977514964654,0.782172684731627
2,0.7345358610974759,1.0570733846951903
3,0.7582944175551067,1.0447127265769405
4,0.7914324341149284,0.6000491961505263
5,0.757399395868399,0.9749654113370285
6,0.7591864341252307,0.613160498948619
7,0.7790066026138813,0.7884249148140778
8,0.7827808328743406,0.6070912400328208
9,0.6420965038749474,0.570346718502182
10,0.6572445209371409,0.6650051975799736
11,0.6676178525542084,0.6262548647026316
12,0.726093245072454,0.8401970149413138
13,0.6891227567038504,0.6981285292461452
14,0.7649564239086825,0.5617876501865089
15,0.7828618119752572,0.7945814416421486
16,0.7136159753627358,0.8508500308585711
17,0.8001608795759462,0.7118772670650939
18,0.7594427982374108,0.8681162411695498
19,0.6495994166380937,0.7124903965589215
20,0.9188920944323025,1.2161128626375088
21,0.8055247325728944,0.74792989407534
22,0.7390148256081033,0.8520735824740502
23,0.7414582493091011,0.6549373572770527
24,0.7797128135585577,0.890528097121317
25,0.6835132535408222,1.0213612314857352
26,0.7439596700470422,0.7755979678444769
27,0.7236627282446968,0.8331526556982958
28,0.7442316968087294,0.4300604356172846
29,0.7630317805971981,0.607468427000545
30,0.755415103097409,0.8243680896012426
31,0.7602882464261854,0.5473199026612336
32,0.7369309788248014,0.6045131630373879
33,0.7173259768033835,0.7299944852647133
34,0.7692169599869295,0.6908187549950284
35,0.7359888249500737,0.5304977041246337
36,0.7088652698516895,0.4873924699302741
37,0.6957828424412886,0.793719039063224
38,0.7675241934057079,0.7276150010235831
39,0.7871059654699086,0.5812478326801971
40,0.7597249735879665,0.7921918281583338
41,0.7921720622918447,0.9029246869735159
42,0.7435915576364543,0.8456134884350304
43,0.7645129773018106,1.0032651148623462
44,0.7782335887385209,1.0763964928002867
45,0.7805477825715755,0.5684598462151511
46,0.7531331300116232,1.000996523849036
47,0.7525120163879482,0.9747393595340146
48,0.7373799550834432,0.9366483630462703
49,0.7343862226008566,1.070603019573504
50,0.7896504944927538,0.7699356791374594
51,0.7959436594495437,0.7902988203865373
52,0.7348366603917671,0.8987183802708749
53,0.7459329267624,0.7793204498139517
54,0.7330821995163467,0.93134128212166
55,0.7961944207479845,0.6537099773712383
56,0.7850365106953718,0.7765156129958557
57,0.8159701002945878,0.6671424570301099
58,0.7762355925378349,0.8232915096846485
59,0.8337958694444864,0.534729130051546
60,0.8232231717870709,0.5456694333534715
61,0.7510521716615574,0.5944029367699848
62,0.7632415606056555,0.5972434734591587
63,0.7903946819745903,0.38857860358495433
64,0.7354116745142931,0.7148714137388374
65,0.7745630169358539,0.6686181964160252
66,0.7031317120217755,0.6940042698005584
67,0.7243556692628745,0.629020252338556
68,0.7637735174914622,0.66241761308678
69,0.7611503262918562,0.6867063949443546
70,0.7757234943551599,0.9176451239204573
71,0.7624299543386228,0.7155041343332114
72,0.9284100835292575,1.0676045998524826
73,0.7582237959763339,0.7496908169875596
74,0.7652530634037401,0.7948827020291009
75,0.7380999719314368,0.7912377781597302
76,0.7347615631446006,0.7581293947125065
77,0.7393125523888646,0.7494545176512828
78,0.7568573270903612,0.6370849945911372
79,0.7790730954523902,0.6493225871484531
80,0.7695764602512845,0.6129533340301689
81,0.7524405763454034,0.6926709316941482
82,0.7117731870084061,0.806561012870298
83,0.7700979267597988,0.5719010121072481
84,0.7539661926285882,0.8093604539996315
85,0.7763698254937891,0.8598435105707818
86,0.7396627653884967,0.6880206711065657
87,0.7238660842631173,0.9687516814377215
88,0.7864830765824583,0.8226587001644958
89,0.7591869005173243,0.739838266201426
90,0.8006291173625345,0.7087336514089175
91,0.7634506753257515,0.7814251222228643
92,0.7645140776525039,0.5494887907131965
93,0.7495138144213827,0.8137053735632129
94,0.7871060121950395,0.5984970639934764
95,0.7069265077440043,0.8191640181279851
96,0.7697821377498599,0.5947784630581321
97,0.7825198807193089,0.7568432859913665
98,0.7539666109756927,0.7940421415131507
99,0.7561721518212816,0.6361627820376246
100,0.7965457799849572,0.6609490006293024
101,0.7920445928850712,0.8279674582213046
102,0.7905225954422677,0.8526266335847055
103,0.8073118686811819,0.9068584558331985
104,0.800382016943576,0.9663135589743161
105,0.7693045770113901,0.7979629856328794
106,0.8208915053254897,0.5566174584955021
107,0.7693712275065486,0.9878214748191176
108,0.7681183577633757,0.7949834389572397
109,0.7126940193785688,0.7720634942629818
110,0.7614310884924163,0.5473662977328884
111,0.7299315017508082,0.7488563481797792
112,0.7481153075722414,0.7206385685064998
113,0.7736433325485537,0.479306841905462
114,0.7244563926106404,0.8542266916994032
115,0.7621060292961446,0.7673594792694249
116,0.7467109325928059,0.6441967717279526
117,0.8698839319584676,1.1305416595302127
118,0.7666536950437284,0.908457284100189
119,0.7809865865675899,0.7975463519061554
120,0.9618685318341784,1.539996329499286
121,0.7465913827140002,0.6330581373707309
122,0.7488156114905682,0.5635107782967212
123,0.7408924148812143,0.3899548237172281
124,0.7488154575796655,0.6973505437729228
125,0.7538941146391454,0.32442658758968523
126,0.735711011180047,0.46926132740992
127,0.7393134217404689,0.48781100679345446
128,0.7897147354643351,0.4134359562408445
129,0.7331567511890013,0.5169795973658342
130,0.7274944680835643,0.5724764875485224
131,0.7172484759434296,0.7659267285439242
132,0.7481151335013277,0.6548807195475881
133,0.664781482780253,0.4779391963202695
134,0.7561729609333809,0.7049021598748864
135,0.7428824721552907,0.7689944360695611
136,0.7467125659485575,0.8081108630060978
137,0.7072465020933837,0.9340873328675325
138,0.6911657866106145,1.0446884132319374
139,0.6726738750003529,0.7603469834637631
140,0.7332335040330297,0.8616435040873025
141,0.64347509904497,1.0413297460138562
142,0.7582945668286325,0.7053009390297582
143,0.7624995444601832,0.6759211054935479
144,0.7797789453987114,0.7612752819068866
145,0.7120108024146586,0.9598692718492394
146,0.7298324270884909,0.9201957206455846
147,0.7625698819649783,0.8980481056499992
148,0.8030520138446111,0.8210309121315724
149,0.7149771942596257,0.8663260175626313
150,0.7897793731868128,0.6821741112655353
151,0.7308385931562553,0.839403131077006
152,0.7668088203081559,0.918888144062568
153,0.8096252065266868,0.5135962069466586
154,0.8055244779987388,0.496157329863534
155,0.8493213592315427,0.18814535075691818
156,0.829374179735445,0.521963360324718
157,0.7904735783243858,0.7948169966009528
158,0.8287936614156246,0.9258915068749847
159,0.8185818711630014,0.8138438553638956
160,0.8632345467573448,0.710047963358301
161,0.8098040625672714,0.8257613960305674
162,0.834481009286853,0.7518211404963164
163,0.7884286315675166,0.8635120555971074
164,0.8448422899568339,0.7785206426994824
165,0.8190755449958427,0.5315472544446074
166,0.8043578832260303,0.7878971748556785
167,0.8041142206516525,0.5893290656781378
168,0.7898572828231032,0.654922780164994
169,0.7390384594428724,0.9243330631491853
170,0.7826411885378904,0.8874362966207574
171,0.8180866776061928,0.5118080854575249
172,0.863234093014807,0.533893075967657
173,0.7797297011364852,0.8622011352612322
174,0.8180294848953027,0.8230257065074333
175,0.796146344240496,0.8071987840090493
176,0.8431710772087275,0.871658226703345
177,0.7648779619881422,0.7873487421645651
178,0.8106134350609872,0.8374943707140465
179,0.7832307653336934,1.036167214220062
180,0.7774576416511882,0.881822396217018
181,0.8031272441975994,0.8102928504307343
182,0.8132729739190753,0.8041363178734979
183,0.8103752525753527,0.9664028932100193
184,0.7788080675362825,0.5072207373975859
185,0.8054033964996792,1.0883922683012939
186,0.813000833786348,0.8552313401133045
187,0.8079619967733572,0.6957346424587447
188,0.8010736149055405,0.7533181116092864
189,0.8091117058216725,1.1457407072736183
190,0.8107315473152383,0.8466076667428544
191,0.7851822985915202,0.9171924176438395
192,0.8024148878842498,1.1461730384853634
193,0.8250168401049387,0.69905349936686
194,0.7954405754403334,0.8243072753517877
195,0.8217542778195562,0.8360958316412033
196,0.7951257749282293,0.9169702634443953
197,0.7515770404994899,1.0346587360499182
198,0.833752725513176,0.9474321160348111
199,0.7954794525786877,0.9217095053236193
200,0.8118101287368177,0.8892562224589007
201,0.8074450321535473,0.8193930074062674
202,0.8264535404223339,0.708303346714243
203,0.760754777305995,0.9570498087564783
204,0.7973110817095163,0.9110906008484525
205,0.8239426510833046,0.9234179699915339
206,0.819075357635264,0.7947240062578933
207,0.8336454756844718,0.742002370386686
208,0.7803908248049939,0.9853356326895195
209,0.7914079215828732,1.0982571508038284
210,0.7904732023537596,1.255276773216008
211,0.7260978816689946,1.0525142136219605
212,0.7808947657997438,1.104435545632903
213,0.7953538446534532,1.2764526738459878
214,0.8243687247431399,1.2774304300052917
215,0.8298998466014559,1.0505825243505624
216,0.8265645097130657,1.0988742855596074
217,0.787380327996225,1.06353871965735
218,0.8243126019749794,0.9074857088878554
219,0.7493086020037033,0.5546045753442401
220,0.7776735300038236,0.7804001829837066
221,0.8030645431432274,0.6710102875036696
222,0.812588910560886,0.7727857182375368
223,0.7969358804365159,0.9910578812846218
224,0.7825333791190373,1.152705043161025
225,0.8037122005374069,1.1308370167174964
226,0.828110956683179,1.2512233933016015
227,0.8059245349780038,0.6804590898806824
228,0.7966225511847213,0.6099544986553918
229,0.8029422341211265,0.5343074105283403
230,0.7292194689030574,1.171184235089842
231,0.8315207887670938,1.0779285849081663
232,0.8028213047153668,0.8337667275855987
233,0.8346194799550314,1.061912894466218
234,0.7632157340984362,0.743383579711332
235,0.8191900250183418,0.792511300498572
236,0.8017020946835053,0.46951834213028487
237,0.8427822121053916,0.7008079563861189
238,0.767610963659671,0.8440730916974521
239,0.7148200605020502,0.6454361069688463
240,0.7897291679069165,0.4362921193125997
241,0.7934313805066929,0.8412586269046738
242,0.8181448900499604,0.8370394699851271
243,0.825073289112184,0.7596421491429073
244,0.8106129847591705,0.4201624864966833
245,0.8226366044510802,1.0178079350467808
246,0.8074448185426747,1.1805518844072465
247,0.7705929632811696,1.2521294229820388
248,0.8506925004398759,1.1444189590736924
249,0.7607725970330805,0.7410457681920493
250,0.8035896062778698,1.2978744387629169
251,0.8170386651595829,0.7790102635006058
252,0.8066255062705765,1.0559585699992224
253,0.8202304619375396,0.638475549363478
254,0.8209479484364384,0.5048978274250553
255,0.8055250502548563,0.4952941368127881
256,0.8332371797971767,0.9782072151665444
257,0.7844243855612325,0.5892760482527493
258,0.7420428819279203,0.9883825665192578
259,0.7858084799202256,0.5438741014343931
260,0.7950000805196135,0.46954600119763956
261,0.7820975405942855,1.1720972733833577
262,0.7709089882518518,0.709480761765243
263,0.771768942116447,0.9655905914325658
264,0.8106128109512636,0.6354790031841642
265,0.7204955396565053,0.7179282043294357
266,0.8191230823807407,0.7015471662007267
267,0.772286672053925,1.312713016608221
268,0.809803882770982,1.0376554341853694
269,0.8358546617647772,1.0675369791966371
270,0.8060455262636788,0.7369082413326646
271,0.8250174188447142,0.4824676804564536
272,0.8253975273546256,0.8761988960737996
273,0.7780327040820147,1.009777854758986
274,0.8209704482838512,0.7256859742790134
275,0.7735497133696347,1.0569556435684717
276,0.7694399671719916,0.42417109721855173
277,0.7749168692402199,0.6770180771383636
278,0.7836743869115964,0.4799437973238909
279,0.7314737045511669,0.8384639169261359
280,0.7724489098799604,0.6299066320691367
281,0.7441536810592545,0.7970810611371135
282,0.7576125953152382,0.7785624651771776
283,0.759910920280945,0.8497166374372931
284,0.7928862220516623,0.7916297483102053
285,0.7545589617611679,0.7962619236058526
286,0.721603793631385,0.883852767578821
287,0.7682992503729851,0.9724167698788575
288,0.6811061073407314,0.7994479661426013
289,0.8006669939919523,0.7792276421280748
290,0.6921719113416466,0.34492440403117275
291,0.7667308939546859,0.4012177977722491
292,0.7986332210265948,0.36302221871611984
293,0.7647651646896434,0.5844363487355686
294,0.7975000268767337,0.7738485031421609
295,0.7845819147401358,0.7949036537587402
296,0.7125892514821337,0.9278639235127271
297,0.7340096349357712,0.616738536507925
298,0.7705519202721958,0.5570767634298308
299,0.7948359637410146,0.5688143875611074
300,0.8019112075781529,0.7535713663748878
301,0.7488634056218776,0.8554905295009299
302,0.7582679124148777,0.8330986058704184
303,0.7878971088803772,0.9521343159374567
304,0.7687536566458282,1.0348553846716069
305,0.7743349542624339,0.9895279437817797
306,0.7805233620980147,0.7442380244600431
307,0.7893293557774221,0.8295104867436889
308,0.7934947299137567,0.7803655636826141
309,0.766903730726347,0.9421908547596711
310,0.8007900874265651,0.8075441327480046
311,0.7392126991743249,0.8513517832988402
312,0.7992302118517681,0.9666464538701591
313,0.7316992490574118,0.8532787579872885
314,0.7610544055544465,0.7595535357538337
315,0.6881682460146121,0.9925055157222449
316,0.8054276898928079,0.56031578168583
317,0.8121049524017965,0.9424553126260538
318,0.7955918628021992,0.5465317153018967
319,0.7311692378433605,0.8449691192776214
320,0.7959820135173373,0.7464132586716836
321,0.6970631942863939,0.8674994817925805
322,0.7318243283410749,0.6863877206046505
323,0.77648046457875,0.8122123401711683
324,0.7161788288254455,0.8448059624479853
325,0.7837820149782619,0.7594352722981155
326,0.7198435464602279,1.0303146946316843
327,0.7942293597649198,0.8312754478551154
328,0.719869424662602,1.1068601459304483
329,0.7660999497460885,0.6906576298571752
330,0.7863284086876202,0.8755366240060081
331,0.7917263677698163,0.6550764802590843
332,0.7967102901982916,0.8276382813165934
333,0.8009509750593,0.8956419724205382
334,0.8023775688295097,0.5594903222470551
335,0.7890725469451085,0.6462007609610012
336,0.7202097131349487,0.8284056287454682
337,0.7540128124625491,0.744250955997015
338,0.8037974521174072,0.8151875294614443
339,0.7723129150509565,0.6729232226489215
340,0.786458144946409,1.0045809281644456
341,0.7811848934717645,0.7573226828439221
342,0.7341600412237177,0.8042043641340495
343,0.7285114486409029,0.6881684836355522
344,0.6514742279665142,0.3668599889460653
345,0.6550374266210081,0.5625009206159177
346,0.6468662238021463,0.7613455858147624
347,0.6104341373017496,0.6663419665577637
348,0.7427821486552576,0.8526946161897362
349,0.7117204525358947,0.692488709986951
350,0.721062166256858,0.7969250537588328
351,0.637469940672775,0.8408670744562308
352,0.7805641490874482,0.39944372537113004
353,0.7049522666463068,0.46559553151613287
354,0.6939564762100304,0.12886231383111912
355,0.7427608647973696,0.07860918000855666
356,0.7681435671000068,-0.04663812905663711
357,0.7382487066658893,0.27862088523397066
358,0.7502382443194411,0.46964739575137315
359,0.7569552600329373,0.5865970081926974
360,0.6784761380265915,0.4694613692298937
361,0.6963798216295979,0.7282624012694034
362,0.7183161238870579,0.7296055706459397
363,0.6605310457968038,0.16082645058340894
364,0.7493975099871403,0.7744693244176881
365,0.7652080391662881,0.7977788690969119
366,0.8346729942289192,0.5223890982394721
367,0.7631979641736324,0.56923626744162
368,0.735362180121657,0.6870138363092257
369,0.7495410491242691,0.7930511613659146
370,0.7472218751396196,0.5809258677491851
371,0.7696027186837092,0.9137886455720228
372,0.6905339615162689,0.578744757137394
373,0.7560568226962486,0.581654306902422
374,0.8127654508277825,0.702871125506463
375,0.7797284805802559,0.8482034064744113
376,0.746173392121646,0.8647029341448311
377,0.7190695288727222,0.7075465781655383
378,0.7429083129627055,0.8346312069233015
379,0.7052992670982319,0.6895845519621089
380,0.7046042699802443,0.7782954362141004
381,0.645172411098929,0.7967481492367581
382,0.7200004195462919,0.7739252362506823
383,0.7093155750907392,0.7158468333181753
384,0.6823137162225571,0.7145971587036959
385,0.7597249357039924,0.7298176299549448
386,0.7791417369240543,0.7644583285508766
387,0.7420039668636148,0.736742506850085
388,0.7774156973595128,0.7744311796456644
389,0.675302448288799,0.9096391114576976
390,0.7648605983137121,0.806876385637695
391,0.7276468468432536,0.8572976101656513
392,0.6381317060916601,0.9775377859913688
393,0.7222986376808886,0.822448562631787
394,0.755959241405081,0.6968044509227482
395,0.7340347428050895,0.9071491545978914
396,0.6725888845409043,0.8782132934069171
397,0.7328560484616794,0.8279770322960553
398,0.7258895809438829,0.6808396577335492
399,0.7460800423946973,0.7885918222289554
400,0.7337344430462786,0.8057410035281265
401,0.7747397375821966,0.7694114308546771
402,0.6577541771391817,0.6447143952802392
403,0.6840063261809238,0.5773843008640496
404,0.7464190362360706,0.8128132973292086
405,0.7823864718696112,0.5891983733005368
406,0.7095544181431207,0.8877285390318992
407,0.7435916203199769,0.7239034289409885
408,0.6050783119426184,0.8526627202006702
409,0.6444922972859273,0.6821784828609339
410,0.7035866222630733,0.6544602917588227
411,0.6308134794592565,0.7057527013457952
412,0.720879136114462,0.7513611033269667
413,0.7252756226857777,0.7655957674464382
414,0.7710293416784264,0.7242660388044513
415,0.7185482609101312,0.7587350464572538
416,0.7038312128270725,0.8681090365110604
417,0.7103213485826967,0.925247875309009
418,0.7174055685610129,0.7850233196225229
419,0.7316265104759553,0.7728908882143068
420,0.7604809330181823,0.763512203721886
421,0.7252750675903368,0.8867028240748498
422,0.7308921708004557,0.7507768710921177
423,0.7346109455528967,0.9632124742027033
424,0.7481152243930502,1.148266655726002
425,0.763912457443891,0.9106815783094886
426,0.7431030091769524,0.9753962705437953
427,0.7421707929952294,0.8437959013310401
428,0.7455204444232573,0.8675642901555793
429,0.7560306679235912,0.8099844551641056
430,0.6989036062176309,0.9115155144757408
431,0.7428086164465416,0.7082406408839281
432,0.7811202937959572,0.7636482897507104
433,0.7283853853472905,0.7840608933538942
434,0.7487428394472718,0.6079458010503638
435,0.6686001955464496,0.85759184273142
436,0.7048456592406667,0.931243788288775
437,0.746418584184977,1.062357187087148
438,0.7546577762181499,0.8035999463224686
439,0.7384480677888873,0.821995249445127
440,0.6425290585196879,0.9133406632410654
441,0.7352613725204321,0.7249383706380161
442,0.7325803212101009,0.8147935543177773
443,0.7885420195348044,0.5041859786176959
444,0.7263237981844637,0.6169747190721253
445,0.7486759105136599,0.4123857338674046
446,0.7397367118919562,0.3229753237337851
447,0.7213960973243558,0.6797418888051121
448,0.7516026970107177,0.808344830758549
449,0.7961946417026498,0.42777861540615536
450,0.7406772382904755,0.6811504848380059
451,0.7320542810086847,0.6019636111879958
452,0.7431081841189128,0.25470656720479923
453,0.6720956027627968,0.7259462169293558
454,0.742665818418709,0.26731173724269475
455,0.678560417586702,0.43707548109630867
456,0.9746398613260746,1.7172829476238896
457,0.7239458854107592,0.3262075097161192
458,0.7503558515994181,0.8240716681295241
459,0.7784995889564252,0.5029900705597949
460,0.7143747451695965,0.4689908218183625
461,0.7378760296959874,0.7421641653734747
462,0.7675925869477266,0.7532611367177635
463,0.7758580024845849,0.709675501897431
464,0.7162055707569533,0.7227869144510155
465,0.7245324816592873,0.7102429899478206
466,0.771028837311843,0.1900187804739275
467,0.758223726442387,0.5440020535303018
468,0.7481169737864588,0.8107017056757817
469,0.7710970072403815,0.5444396210957922
470,0.7450814020034325,0.6725673906960807
471,0.7889684972768396,0.6672172936167806
472,0.7943170167634395,0.6233539357803997
473,0.67521787787106,0.667524626220934
474,0.7565287517499336,0.4056465080246081
475,0.6904512190116016,0.7197617228762017
476,0.682704850203763,0.6724357094813236
477,0.6620707981329366,0.532157688893796
478,0.7003899537939278,0.4683389192732976
479,0.7335344594996013,0.6338551018608376
480,0.7030518765402671,0.9364686685919787
481,0.6917147804726285,0.6930806626245998
482,0.6896275984354352,0.655587125185277
483,0.7565733994974101,0.6284197437679317
484,0.7142958640991898,0.540131648525688
485,0.7466374760652821,0.6229183091088686
486,0.7175611117308051,0.519797423365544
487,0.7330819195292752,0.6056508360751067
488,0.7675235229652125,0.5450990314714099
489,0.7619659541447603,0.43737232458971587
490,0.750980073517685,0.6218351016264307
491,0.7445934374417751,0.3400130939610797
492,0.7490321559135853,0.18759374311426136
493,0.709950433620553,0.3923581604173565
494,0.7583644902207277,0.40464455145691947
495,0.7579655512208261,0.6112535954153975
496,0.6871390196835445,0.5623491849336153
497,0.7593982697505363,0.8331685952568844
498,0.8077689623147337,0.7870685339801913
499,0.7525906120429535,0.8595643578197052
500,0.7108497209643885,0.5015492583981098
501,0.7224042232381895,0.7888039020272384
502,0.5280435540166376,0.6391924757785112
503,0.5055170959191,0.013527267252314346
504,0.48414335702621986,0.34068300748506974
505,0.7292732667293117,0.5818271965110924
506,0.7237125468778656,0.6892416309282643
507,0.3758642103155065,0.37819032972969246
508,0.6652708018737855,0.40859640472038716
509,0.54753692279684,0.4153591499025362
510,0.5976326815835163,0.3286996715259374
511,0.6037328834034411,0.46685852850087795
512,0.4017008940790843,-0.0578549831938
513,0.5036974913291169,0.19352897895207377
514,0.4878426542300094,0.614699128927259
515,0.3419343834198825,0.4418660408621653
516,0.37518763594997967,0.2767583676629499
517,0.39667046667720157,-0.12586796385939802
518,0.3327612105573442,0.2032468689834257
519,0.3281639450977909,-0.191237502993161
520,0.29723647325244085,-0.039434962680998886
521,0.29887833947796333,-0.1855155616886055
522,0.33259078559286503,-0.1877397119997708
523,0.31517176825545024,0.35701455493425893
524,0.4138889701146104,0.41652916273199825
525,0.4094906987050822,-0.17376401588587953
526,0.3803219599872027,0.40138876964515724
527,0.6232430179027845,0.2314395794312034
528,0.45718755762631125,-0.22615220847257866
529,0.445855012320705,0.14608587989063704
530,0.5701498452145495,0.48091579261351125
531,0.7046838726603302,0.435637789266476
532,0.33186447348679116,0.4556827146768514
533,0.33748365281506737,-0.0878227845866073
534,0.34964925242178785,0.16958363564729506
535,0.5586145386109924,0.6344997852299628
536,0.6101299080295307,0.45797782700491485
537,0.6769292804611661,0.5870316532987943
538,0.7277012007104915,0.4330947103919218
539,0.7213966575890076,0.6048157684221449
540,0.7533473091764892,0.41018518689385175
541,0.8053905242964837,0.2662414754725333
542,0.766056548696778,0.5504687437381968
543,0.8190635847175302,0.12631085802260156
544,0.7786990064842395,0.47955135877114774
545,0.7850366819855558,0.3552732260565383
546,0.7726778089086379,0.14927705407813008
547,0.8138221547779165,0.4426215161465654
548,0.7843436021576712,0.09914196335328374
549,0.7612458018629036,0.06421137365463814
550,0.7720664046386609,0.4726614157197515
551,0.7931634259858718,0.45020325665329963
552,0.7966714059639609,0.4716654137650824
553,0.7605440367513754,0.6581214285271484
554,0.6938402664829981,0.527110073111686
555,0.7569285172909962,0.39694735766174905
556,0.6743811106936863,0.3737440748338239
557,0.7672763820375552,0.7505262743582399
558,0.7142955530848872,0.7748042190447322
559,0.6656124284190689,0.38744757009510344
560,0.9999799904960652,5.094854534763202
561,0.6550843967944784,0.36046874870295476
562,0.744402311161316,0.7700916998043112
563,0.7817127161549753,0.4902439332676627
564,0.6487066267453097,0.34298608299108935
565,0.757354903590737,0.38197595661471606
566,0.7688055511167495,0.34392439631498384
567,0.7525124968108398,0.5501178513819163
568,0.6803107848880442,0.4320583677926715
569,0.48044004694338305,0.19513456523718453
570,0.582476357521839,0.6061526375469839
571,0.7214229157864062,0.5832427328437406
572,0.6054936303990832,0.49213514397735025
573,0.5835580608339308,0.4579633593050687
574,0.6025265393368896,0.30622602363389095
575,0.7928705837445041,0.3642831603609178
576,0.7040151119020581,0.27897665602403343
577,0.6831145737353839,0.17021051919791663
578,0.7399592992336895,0.390806505991403
579,0.7500733564672148,0.29154108432002435
580,0.6542088394779437,0.7937208359115298
581,0.7044733220816355,0.8306137709029748
582,0.7710563951748385,0.7241093984071281
583,0.7391685025996234,0.33601292087400836
584,0.7061801802718093,0.667032595622822
585,0.675321804279615,0.7157091291722573
586,0.7214226633079294,0.7201730712532353
587,0.7435453357189103,0.671202221606368
588,0.7058088388938518,0.7990992531345809
589,0.7112723922298421,0.6119839320891289
590,0.7548256855856206,0.4748770850780577
591,0.7591443186113613,0.7396705252365123
592,0.7373794243635362,0.7405504401874516
593,0.770286725936059,0.5255181154108701
594,0.70594090182045,0.6157864253977658
595,0.7179252939541175,0.7085845364716841
596,0.7361609813810552,0.5982437297649978
597,0.7440329547913461,0.6075530606677733
598,0.7485037923708753,0.25994056712366653
599,0.7798692121914848,0.5127467351370436
600,0.692723964315093,0.6132899445763549
601,0.7175084739208918,0.7225083024558749
602,0.7697816367269026,0.9029224146301971
603,0.7600348578376404,0.7268702083589549
604,0.7414850346679641,0.7804610184716223
605,0.7660828984308184,0.5359101901001155
606,0.7424190264408745,0.6790519852892318
607,0.7229169776763534,0.8332893182908512
608,0.7011973621098349,0.6196765520872747
609,0.718264129425577,0.634864864089832
610,0.7159988236102002,0.801881000168339
611,0.6468679764062492,0.6715786821080023
612,0.6557469629473186,0.6669041976968435
613,0.7013582749310151,1.0189382862030039
614,0.733760667574861,0.7596469679102897
615,0.6742222769360239,0.6088612078529625
616,0.4729302118693595,0.3173802617421879
617,0.6073271468187215,0.7522366057334668
618,0.5698373631817513,-0.15901861482189616
619,0.6656985932945064,0.18575288243115562
620,0.6635188829288039,0.31263475593482415
621,0.6827738224951861,0.36427295374016655
622,0.7094747493644398,0.6203134364634684
623,0.6640820717312854,0.6629612124893427
624,0.7429088663868724,0.756099486952329
625,0.8041871521664486,0.5376841693192516
626,0.7707819633907699,0.7932375304358308
627,0.727674567270746,0.8638940660941321
628,0.6387380053414894,0.6558447302961925
629,0.598112949871313,0.9495103763617889
630,0.5574310767957447,1.1377718743618228
631,0.58720826243182,1.0410532393173524
632,0.7276746624239091,0.8253148039434057
633,0.7078838830916583,1.0039424588672246
634,0.691330091529837,0.8998593924769533
635,0.7126420011451081,0.867048815216334
636,0.7272421794918619,0.8759057802677592
637,0.7844345288036932,0.8267741677621911
638,0.785688492367568,0.6810431539437021
639,0.7441819938441819,0.7841671955357716
640,0.7584619276132534,0.6299178292423182
641,0.7596804629456474,1.106467614714214
642,0.7617806431551637,1.9282904091439867
643,0.7610376235239433,0.7529530618820379
644,0.7748333829938671,0.8327140302651106
645,0.7867677865953479,0.5622276144135236
646,0.7521332386364167,1.1354834260267213
647,0.7682127854951167,1.1286996335960584
648,0.7798703751984729,0.8901827679582333
649,0.7668172771359995,0.6184981460875854
650,0.7662208990942949,0.7721579002882635
651,0.7796713025710457,0.6872947797658471
652,0.7951369812316852,0.7309973612548104
653,0.7709866000812435,0.7357642712883576
654,0.7479964341517616,0.6024674132958658
655,0.7424926406266252,0.6804003571254347
656,0.7229165381249586,0.6382512067688877
657,0.7604993655430055,0.5672273368925396
658,0.7307666382367493,0.5923250740384658
659,0.7617112419289349,0.6666529484558907
660,0.7915847964606084,0.5724678558086334
661,0.7108762841414042,0.6301862390165853
662,0.7664544064790583,0.33332974295907114
663,0.7006600343384296,0.8194476100986154
664,0.7486961537297132,0.7875880730132883
665,0.7817783921615157,0.3078774958810868
666,0.6752851106226622,0.6382217177729261
667,0.7479228915210134,0.6603446198194902
668,0.7323797581457328,0.6325263275275415
669,0.692253737885199,0.6192984757090612
670,0.7652773571757839,0.7995426036391242
671,0.6912936567066315,0.8750544534491658
672,0.7175637451897647,0.7080441602348291
673,0.7821736044154137,0.5222005700652979
674,0.7234055138934169,0.6908188754250899
675,0.6805202363588164,0.7846690133057797
676,0.7219913725567698,0.5363137957008961
677,0.7780856618829093,0.6994389721985366
678,0.7085468475356641,0.5034864697674619
679,0.6911600708314176,0.8661792296348976
680,0.60288595207515,0.8955807171103443
681,0.6986840339794743,0.9181447533789804
682,0.7385252798025034,0.8453918155766456
683,0.7489142362649986,0.8780542169800087
684,0.7406966563006113,0.8755241857753147
685,0.7574247705985192,0.8383899237675516
686,0.7552800127567848,0.9248505839237229
687,0.6960542239076155,0.6444842986447217
688,0.7660153281283936,0.7432361080580119
689,0.69014892963566,0.613004965891621
690,0.7043931033052947,0.8353005992148841
691,0.7368824576245785,0.5019602146709392
692,0.6585946246513321,0.14130240723056442
693,0.6960829437680914,0.4220762799350135
694,0.6820894015050034,0.15502163795632118
695,0.6752425780676855,0.48606536830305913
696,0.7353623047813778,1.033670991929064
697,0.7680065736487672,1.0275653926466308
698,0.7553696489534,0.5309099849859935
699,0.592032617105233,0.5319469839266571
700,0.7715061864331308,0.386593055312896
701,0.7661524067610107,0.3391691975099871
702,0.6871700914778802,0.1436068795052039
703,0.6637379142256985,0.20787894511508664
704,0.7449609781375375,0.3429538064025026
705,0.736882937283882,0.41520660996156344
706,0.7024598723145754,0.5134007291615923
707,0.60929559120073,0.7544126491597476
708,0.7509343914518681,0.40001345643701836
709,0.6779464289912105,0.5122891317404683
710,0.6742805728069753,0.9095080336597263
711,0.7428346077081166,0.6125410967258444
712,0.7141638727521987,1.0012714987395581
713,0.7093419577671091,0.6139716042474062
714,0.7270127073855988,0.46857161426975846
715,0.7515834791710235,0.35232603813897345
716,0.6655741692241808,0.47609512828301437
717,0.7294303154815385,0.6852054002694663
718,0.7666786640453876,0.5542784601576347
719,0.7709858627766694,0.48865701131439643
720,0.7562694345012907,0.532119848982604
721,0.7329566713099608,0.6651394279218943
722,0.7382481288166087,0.6755719868157959
723,0.6639588772847399,0.6036466008072017
724,0.7414098956051755,0.7823236836696168
725,0.7162315929140584,0.7263440994553569
726,0.707004532964641,0.6755937310748292
727,0.7552267650284408,0.7022869597966261
728,0.7380517031574169,0.6062370286308987
729,0.703935424323511,0.6085591592348978
730,0.6724446342057097,0.5180609895019996
731,0.6772152652716248,0.5693669403680319
732,0.733110663898036,0.7834953274066985
733,0.7086006573995641,0.49288185324372513
734,0.7554408657441651,0.6898736252713258
735,0.7261195686357248,0.7451481128579029
736,0.7533734809545819,0.6151426017553909
737,0.6835386820438693,0.6920673429542852
738,0.5877668444735678,0.48178497624319316
739,0.7007385999558989,0.7410233509904867
740,0.7061004588607936,0.7850652668271234
741,0.6650508141257329,0.5798956906688622
742,0.7203896253024202,0.43758201582316136
743,0.7222476245149558,0.5280145331832315
744,0.7122734727428995,0.6710101997859663
745,0.7697392371338398,0.4203109005375163
746,0.7250710992489585,0.4096875736308787
747,0.7149241030622131,0.6679122291163813
748,0.7510061865214568,0.7118226608341018
749,0.7884383804649518,0.416073562381138
750,0.7560565268386247,0.49606862943007624
751,0.756812634199753,0.5200615285184815
752,0.7248672589518887,0.6172455005003332
753,0.7315739602520435,0.5581634913405189
754,0.7421970382550436,0.5262342887600902
755,0.6871712903779895,0.6535956816781274
756,0.7567415463605708,0.521018011097941
757,0.7204933615392222,0.4081933270352218
758,0.7306147960250714,0.5640545508107309
759,0.7108762801616437,0.6266728474809371
760,0.7267849246389063,0.8012669150154368
761,0.7367334763742832,0.562184443234881
762,0.6905329559801291,0.6650494938394411
763,0.7014387653009865,0.7530790041902558
764,0.6915760984576212,0.6346976606416854
765,0.5876358410773174,0.5964869974257567
766,0.6174450786892026,0.37000628558334103
767,0.6017177474168819,0.3925241874370258
768,0.6384681875261546,0.493204239640213
769,0.7282351941135831,0.4343776778975812
770,0.712091172551318,0.70835890926978
771,0.6938755123191507,0.6686371842633214
772,0.6838400367759467,0.6210942285399055
773,0.7028897450593874,0.5383010825657957
774,0.7003876482004193,0.5418639697699303
775,0.6637037244785727,0.5996466517246253
776,0.653486792302876,0.8197649272221064
777,0.6971153019151645,0.8502241385589695
778,0.7219385866999299,0.7649556693599724
779,0.6970340838597676,0.6868097980747283
780,0.7159187119216219,0.6715947335753825
781,0.6970045357290576,0.6585363187912137
782,0.7267834286480847,0.7539030784600982
783,0.7505292101223457,0.7476007390499655
784,0.7756818752453157,0.7553934565572158
785,0.6425527645511028,0.7986688570730305
786,0.7353629055962614,0.7597989088855268
787,0.7546110493150284,0.5033096414176246
788,0.7260431227936214,0.7248566080421677
789,0.7502380275365402,0.6337167177262577
790,0.6905285365582239,0.722637753647108
791,0.7003872272701805,0.7258945303718489
792,0.7126151019118644,0.7476263229727449
793,0.612075478978385,0.44285695667355807
794,0.6725797786072267,0.727547675242886
795,0.664793491422219,0.7566688504564993
796,0.6111243556775812,0.8499223821774287
797,0.7268357328566933,0.7468154865763612
798,0.6921766551121932,0.7312148080224778
799,0.6808549913025888,0.6780044573389841
800,0.7143743832519845,0.6303633967153175
801,0.6532726346410285,0.7482259735859609
802,0.7043633883533659,0.44368347493704263
803,0.6586804338406346,0.6032452807745301
804,0.7442325114142315,0.5694184616198745
805,0.7488934510813513,0.5502352581580894
806,0.7856884750364155,0.46989007809494243
807,0.7436912928311773,0.606682543685535
808,0.7505990689098437,0.5319067594367795
809,0.7712589249708575,0.5731499271023859
810,0.7672743392107472,0.596731821856646
811,0.7195346761266457,0.7944660488676263
812,0.7409933359142851,0.5959365079063428
813,0.7044982432733629,0.5794209579813208
814,0.7486969751362511,0.5347107131584954
815,0.6481274427015036,0.6392094259993888
816,0.7121952285736811,0.567359348733695
817,0.7441332188438701,0.5271584427872291
818,0.738547494808447,0.4303381410797664
819,0.7250210691469577,0.6255993015001291
820,0.7129595100779375,0.7966979445694786
821,0.6398632595472299,0.5432254401892278
822,0.7628751568636924,0.6044958988685885
823,0.7689254598667892,0.3954275863292711
824,0.6795411143185043,0.6367073615237837
825,0.7216298759777844,0.2568431556083244
826,0.6555263301081596,0.8632261257427762
827,0.7589302753086009,0.3525690126821539
828,0.7517012415521783,0.39058480798525075
829,0.650036650185908,0.38998585725740487
830,0.7604289145302853,0.5765051981045302
831,0.772091960483266,0.5667180514693761
832,0.7581784646135906,0.6787973679237407
833,0.7763281804382203,0.6759878006515185
834,0.7596361685123417,0.5356625530669419
835,0.7673691914675987,0.7865761913561116
836,0.7709178178503019,1.073932530581101
837,0.7709858465633153,0.7603659281654869
838,0.7467370571575924,0.39663518812668563
839,0.7302122933990316,0.4845965247534325
840,0.6627328242428873,0.6678595642466378
841,0.7307664885203944,0.7100322658467944
842,0.66495227590158,-0.5704470577973524
843,0.6936771811242499,0.18095744726439733
844,0.6855271940940376,0.5306394518018767
845,0.6809892507957996,0.4589579388798084
846,0.7007875955673208,0.42356662738188433
847,0.7028894992130061,0.6817968146705509
848,0.6936839622289553,0.7549181200276376
849,0.6906679614829672,0.558258015664177
850,0.6604457283211483,0.6628628129621994
851,0.7136147582837407,0.5156381158024983
852,0.6601007224981981,0.636424492724105
853,0.6710189561273576,0.7212470764563692
854,0.6777452653214125,0.817759798399984
855,0.657754872895684,0.6192492702922525
856,0.7102408939131138,0.5574192795476307
857,0.7061549483453794,0.7321439453529557
858,0.6414739890805865,0.6214143320760073
859,0.6516487601099061,0.5274047781389042
860,0.6881316090005793,0.5683801793982735
861,0.7235597596145502,0.7231645202338317
862,0.7373573869296054,0.6793296000022391
863,0.7310687536120765,0.2934507167105229
864,0.7708492947948418,0.5267941026558409
865,0.7620605252062933,0.010334355271456097
866,0.7351369333205319,0.3894727637148794
867,0.6004633385218143,0.5643501608719275
868,0.565623955078302,0.30415338704265515
869,0.6587915520822079,0.6664966643401726
870,0.6798751050012097,0.1619758895482244
871,0.7245354359659716,0.20117803626836128
872,0.7053790199482076,0.16350851394162902
873,0.6672855913058141,0.24674334605239867
874,0.7332364137113295,0.17865905852587716
875,0.6913250940050139,0.32384919724147565
876,0.7068460288434487,0.2585746420268329
877,0.6650509864392282,0.35626768832480593
878,0.7025932816058189,0.49909075616101006
879,0.6724103249749345,0.638306208196771
880,0.664792960003746,0.8110371855382894
881,0.6688585455518993,0.7923306740339404
882,0.6456846365577565,0.6407922569451889
883,0.6878583361072347,0.7002116522665869
884,0.6955087599090072,0.738121587668358
885,0.6594333759320332,0.8393767020395044
886,0.6785591484704325,0.7892825744390484
887,0.7010879554051864,0.615450133180663
888,0.6469533902507152,0.5503268851636367
889,0.668771260998737,0.7168101294756921
890,0.6260582991511291,0.75442847611881
891,0.6821328080234655,0.506670290625423
892,0.634271930818201,0.5115100952768961
893,0.7298582195696779,0.7307306582755473
894,0.6904207647279962,0.7792592193942403
895,0.6885785415576052,0.7658967974042143
896,0.7076165147374556,0.9195172026559826
897,0.758840873249581,0.9545153965287536
898,0.6767860737340353,0.6878510086713234
899,0.714898453351805,0.8771951861928855
900,0.7164932901578275,0.7369534169669816
901,0.6252044172264419,0.8011516067273003
902,0.7140624172264372,0.7310296244633081
903,0.7167273137190746,0.8353110420239025
904,0.738152460775026,0.5578494530399887
905,0.7603403708290245,0.7342474151172924
906,0.691463741246861,0.7444876840293482
907,0.7292763045361591,0.5164947945702849
908,0.725277942204435,0.5283850478240026
909,0.654877800917861,0.7001655779524931
910,0.7344648423546777,0.5315073772505761
911,0.7305154359898545,0.6328399178582247
912,0.8091132030847787,1.0409414066396891
913,0.7456457249267628,0.6447022566069434
914,0.7266818541889138,0.5573099346925501
915,0.7114041772916548,0.6125554473823938
916,0.7206474953048359,0.37408293311159646
917,0.7502898457039465,0.39897006287700076
918,0.6950447041670585,0.5410097816570909
919,0.710400225807269,0.45846927067394727
920,0.7459392065008332,0.42198827015825113
921,0.6955905547085091,0.4218395523078513
922,0.7069797390563227,0.6368486882058404
923,0.7238692111379191,0.3411372416539624
924,0.7405270607616582,0.36186264353289044
925,0.7104794190226152,0.4302481855690461
926,0.6935441771905675,0.17955629297215747
927,0.7428869721597656,0.13335814257445655
928,0.7615083288242822,0.3138322725243823
929,0.6843141475472095,0.4817139898754732
930,0.6577541254544025,0.4743215209782985
931,0.6079161184841441,0.669485939524991
932,0.7134570441956035,0.4694779562410538
933,0.6604458606964774,0.4811494638150666
934,0.6967608518327865,0.41739737137118027
935,0.6761124636530177,0.6483150823755119
936,0.70615292510233,0.6271657310986578
937,0.6928063367944122,0.7122530363457305
938,0.6457666063476704,0.824227169421099
939,0.7175604217718188,0.7718086720193718
940,0.6757752604729471,0.7753718586139797
941,0.6766761563693641,0.8368223572134621
942,0.5498118554693121,0.7212577386456429
943,0.9662604659054997,1.6855591783415145
944,0.600871759359574,0.5552944273347507
945,0.692176743933607,0.7074058855666987
946,0.7060725681661089,0.6461015838626523
947,0.7298581452338551,0.8500030937484091
948,0.6922020405149294,0.7711994632083927
949,0.7150556392750117,0.6234474595325459
950,0.6692067068230042,0.7755812755541083
951,0.7230464993246584,0.520804039099275
952,0.6637019913559786,0.6912520971601666
953,0.7414631111448333,0.5264165675062618
954,0.714298418783477,0.7169456604782205
955,0.6763652663128645,0.5113277841286026
956,0.7277291508991405,0.6967143810359042
957,0.6995491614425203,0.4979336366341567
958,0.7028912504921956,0.7363427396003139
959,0.7132986500642783,0.3273573154379257
960,0.7206480093043114,0.33500450838081
961,0.7297819039697657,0.22848768535119834
962,0.7345395266984625,0.2249976483734777
963,0.6949330098455869,0.29006102049567684
964,0.750547028933271,0.49768085678793117
965,0.7011681332564992,0.36125054625217246
966,0.7274998940783145,0.7108113974920585
967,0.637847679161495,0.4574105343046897
968,0.7420280397005545,0.2628163001698445
969,0.7161269270407348,0.1962996142833635
970,0.7435972918416018,0.08495858950446955
971,0.7398116593604852,0.010738262775947582
972,0.7705336852252568,0.5091595994062432
973,0.7647290175998398,0.3018884980235548
974,0.6971672539723118,0.09361669935930017
975,0.7428868652281928,0.28940739935243176
976,0.7095535674924796,0.37311125748660867
977,0.6584209929639937,0.630829975416952
978,0.6628687113298901,0.298815467394542
979,0.6380250680681997,0.43648203727833845
980,0.69146282528288,0.3346109089337066
981,0.6934617140930371,0.23991712729386094
982,0.7215519194478563,0.22123336492591417
983,0.686339557588115,0.7526291633280904
984,0.6687103423533665,0.23784313060890483
985,0.6572439703799352,0.014696492816478113
986,0.7350588244238291,0.15621272923498086
987,0.7037183012246728,-0.06782974929281504
988,0.7060721602469957,0.17164067952374307
989,0.5835316408149535,-0.0460459056157152
990,0.7125625136105128,0.17588593649698758
991,0.689869760669823,0.2591289691954177
992,0.6965414806855308,0.22832803395408074
993,0.6979538702194729,0.4731884650729423
994,0.7351418066583957,0.3363452964735778
995,0.6843964417067823,0.3688383261294099
996,0.7052985051227147,0.3336563930872751
997,0.6778295534604322,0.33398065522589615
998,0.6814975317772829,0.26536303086797197
999,0.7087053115910728,0.25064565843733
1000,0.6639623878913148,0.779864185355188
1001,0.674224056080978,0.7766740657779385
1002,0.7102415010746874,0.2558118109690497
1003,0.7218351028624396,0.14474978803458605
1004,0.6875527895890411,0.18716798129368328
1005,0.7139027926942874,0.26011201898163616
1006,0.7183929202767203,0.07205727673608031
1007,0.7258649806637375,0.24414613407082975
1008,0.735057941626273,0.19512106509678961
1009,0.6871394102693786,0.2381699698050994
1010,0.6389782590267027,0.34198708773049
1011,0.6606175370299103,0.19905623089349422
1012,0.6664549783231315,0.07532276305229679
1013,0.6056370910911433,0.053240614172870515
1014,0.5816936814489713,0.0405964977528086
1015,0.5710264790397602,-0.02089121370037006
1016,0.5816942569262857,0.09026271154788379
1017,0.6257880173981075,0.05349474012931488
1018,0.57454025568914,0.12763331789907895
1019,0.6267550865913661,0.001612536622558558
1020,0.5787918501531012,-0.03766681048054554
1021,0.6094907255101786,0.001290772542859031
1022,0.6176958111814596,-0.05683225941447301
1023,0.628595765475207,0.038497443063898906
1025,0.5777815733249515,0.09844901038010523
1026,0.5307261517289962,0.06790452642873035
1027,0.5190233204145068,0.11686479862094235
1028,0.5258234448080789,0.08930793109737145
1029,0.5248900947540605,0.10167923503682186
1030,0.5567835653069394,0.0985344974715483
1031,0.68026898537499,0.2955325986167745
1032,0.5669885501735288,0.2644177223268507
1033,0.6407016145192281,0.3913004034649221
1034,0.6750434565369148,0.7779705605661338
1035,0.6939264655915685,0.25840787327042314
1036,0.7087055537663481,0.018868116049807426
1037,0.7150550074691175,0.06189254539768463
1038,0.6473458315307901,0.17445845962179085
1039,0.6871399521517603,0.35920430821154703
1040,0.6252940132493675,0.2584518875830826
1041,0.6031686252707329,0.22637277976972392
1042,0.7341369412702751,0.45105502326112923
1043,0.7014914188096929,0.46366586886992245
1044,0.6540637244319523,-0.04745950363511664
1045,0.7204148035579687,0.23901117260086302
1046,0.5299849511766177,0.47559524803937947
1047,0.7150560091309147,0.38449409252190936
1048,0.7110869765113648,0.7737508187280424
1049,0.7736680619004541,0.7335116598833249
1050,0.7072713999455607,0.5608685402176983
1051,0.6355830401403437,0.7702137810170759
1052,0.9070361051505629,1.2656970338001203
1053,0.6790120121308268,0.7484224585537209
1054,0.6545919927946684,0.6491898110638257
1055,0.6488039669220556,0.7404306046009328
1056,0.7039357272652299,0.8485935833997864
1057,0.7276737593068351,0.7799052500790884
1058,0.7078058848286911,0.8217361388027751
1059,0.6930826568188522,0.6340269108091423
1060,0.6703127243473358,0.5883698130647641
1061,0.6767936056408173,0.6338677719038888
1062,0.6871712358681994,0.5918064538282994
1063,0.6811955212889486,0.6706675962837441
1064,0.6758930060932367,0.6894029288188355
1065,0.6827566430912679,0.6851225085962875
1066,0.6838715507264506,0.7578515919091533
1067,0.67252904645873,0.7706168539605782
1068,0.6945034400374602,0.6414332154741889
1069,0.7192498052453433,0.624176310646579
1070,0.6428167009212331,0.8112167289149275
1071,0.6879725943215961,0.5957241374769131
1072,0.7505266553918999,0.5947781589069274
1073,0.6934103320983119,0.4097431141723131
1074,0.6853994957464562,0.5376093980431618
1075,0.7153978384636583,0.7912085825203361
1076,0.7589302076497574,0.40679131939167856
1077,0.7501195619781187,0.5023365692583761
1078,0.6265096705201972,0.4829352026928557
1079,0.7070030029848511,0.501712610441988
1080,0.7061823923462592,0.823831581602759
1081,0.7247134487673348,0.6505993402654635
1082,0.7687360554605929,0.47134488334185853
1083,0.7150030729045309,0.6961293320811714
1084,0.7924507827250334,0.48061126462629655
1085,0.7376781696105741,0.501296670068438
1086,0.6965712763009609,0.5890508877504574
1087,0.7370320113157723,0.3489048484256694
1088,0.7438384118268996,0.43575100292349056
1089,0.7461055559766109,0.7087595321290872
1090,0.7182652239193589,0.8057681309406703
1091,0.6483286422910856,0.8281180345875674
1092,0.753920798284009,0.5700465761097728
1093,0.752753773442389,0.6249996848596693
1094,0.6872560233078899,0.8408917953589397
1095,0.7694657760776272,0.4107681736241062
1096,0.6595228157202238,0.7874414581726672
1097,0.734062679300652,0.4247260458758024
1098,0.7022196661365071,0.5929279095009541
1099,0.704631967689769,0.6430482608239902
1100,0.6812790429484292,0.6426840255008814
1101,0.6669186022086405,0.4995571954433915
1102,0.6981447512032449,0.5523516457467696
1103,0.74133605690028,0.5444214675646784
1104,0.693327932048859,0.6359871224641971
1105,0.7229937077255231,0.5178751043935792
1106,0.7048742234451936,0.8071784665521653
1107,0.7079632227454437,0.5983231384750285
1108,0.7284114303356414,0.5169626021202776
1109,0.6318181573239452,0.8315885192434527
1110,0.7150032856359441,0.5704826650002328
1111,0.683871568253364,0.5080860027854657
1112,0.7261194549758426,0.607341858688903
1113,0.6930005728048406,0.6299803088838134
1114,0.7716181949461164,0.7783815282914928
1115,0.7437614938684655,0.9039743401930842
1116,0.740622599844523,0.427686555450407
1117,0.7570181398187052,0.5981198849123492
1118,0.7835602334772991,0.8217688108195533
1119,0.7199233978440869,0.26799232527045636
1120,0.7435446195286435,0.47584362553874016
1121,0.7803748465530148,0.4122997967713138
1122,0.7786581796120711,0.43585866887570823
1123,0.7055672014126708,0.4385691840024375
1124,0.783439150941725,0.6909808280514209
1125,0.7510326580828216,0.4303182907829841
1126,0.7143224622432959,0.6481937877076387
1127,0.7891217029933083,0.5213905134377743
1128,0.76453920440869,0.5652108419169002
1129,0.76117629751492,0.47029325882595785
1130,0.7115099572899763,0.7883928480205782
1131,0.7399818050745706,0.5589714341405072
1132,0.9439803744932311,1.3222470335846461
1133,0.7618516088611765,0.6134095010276326
1134,0.76488642005138,0.6381320935298218
1135,0.7605255652953015,0.7179247656848826
1136,0.7270892444871145,0.5858154273335874
1137,0.7472941817925808,0.7189816544059813
1138,0.7604997284412182,0.49810080266559265
1139,0.7468834246117199,0.24339156328073752
1140,0.7027025707937049,0.2907596257020897
1141,0.7743188274275118,0.5202954616465734
1142,0.7357375439701561,0.620141866146545
1143,0.733835821092591,0.6572614050847259
1144,0.7739390621643132,0.621716270276897
1145,0.7668173856481932,0.6421141703065762
1146,0.703775052696959,1.1199031164027495
1147,0.7483128943503498,0.9377529999470653
1148,0.7522768028059604,0.6209822899292092
1149,0.7590010984755723,0.6166754738416786
1150,0.7864432368574511,0.47390455484958505
1151,0.7652772975988406,0.5734084060378093
1152,0.7367336992345476,0.5344122531982576
1153,0.6963276608093971,0.8872510493902581
1154,0.7694651553881553,0.6603301072619336
1155,0.7022193270905895,0.7188939323970516
1156,0.741558987542154,0.6534769575882606
1157,0.6719161947871503,0.5817449334715432
1158,0.7776166091424971,0.5167899785533905
1159,0.7489864579192752,0.5389674332286667
1160,0.7239698849259932,0.5651449020237154
1161,0.6473067895546436,0.6480910492856502
1162,0.6523781025144785,0.6663282762322682
1163,0.7355122039468225,0.6273214796718358
1164,0.7385472811373507,0.34967535422883866
1165,0.5702466586930671,0.35256134257580474
1166,0.7144795493211147,0.2553101362717394
1167,0.6674918979386075,0.5538242275364826
1168,0.5953075235796844,0.0962534537729729
1169,0.6821658217117007,0.3333277285564451
1170,0.7611757207430283,0.10771744304021524
1171,0.6894320548599204,0.25047908140181985
1172,0.8030141623670416,0.6329446737951505
1173,0.789739506526252,0.46192185133706776
1174,0.7538498336507529,0.5723056300320417
1175,0.7390418554853521,0.7097320042609212
1176,0.7407991404741546,0.7200582679307459
1177,0.7517033441253872,0.7642769494766082
1178,0.6556978259503505,0.6055731466980809
1179,0.7622015441297731,0.720037910532394
1180,0.7796051613233745,0.6349334623560754
1181,0.7875843159556078,0.49345856717675307
1182,0.7605699532932648,0.6488050905686338
1183,0.7956156787204866,0.5472625112163971
1184,0.7824118437746662,0.5262654412166246
1185,0.7576385012722445,0.6008098966794444
1186,0.7586031926785911,0.611610788609144
1187,0.7846951824223651,0.41542644180349697
1188,0.7682121859518761,0.5820308069584108
1189,0.7856878766320257,0.5204224049039183
1190,0.7330335808451737,0.6488732425469568
1191,0.7497578224588112,0.5776622199285688
1192,0.7656236278173958,0.39490960011820775
1193,0.798021546227613,0.2475195662670373
1194,0.7878177447259354,0.2895876345085746
1195,0.5449904190850164,-0.030190156444539262
1196,0.7838701860933395,0.3304584081681261
1197,0.8110160098937754,0.24197659284567408
1198,0.7696021298664826,0.37985424120313205
1199,0.7577087545103338,0.3709193608375738
1200,0.7934810696668153,0.4016373593664495
1201,0.7563411253912045,0.401975394831684
1202,0.7436183372246628,0.5083506355660878
1203,0.7875197591245207,0.3740569659097073
1204,0.7406969265210321,0.6872061249562833
1205,0.7612464207099245,0.48889300703848626
1206,0.6970038316936685,0.6494208656918632
1207,0.7518255690582175,0.48555190416039284
1208,0.6682841416157296,0.6222694992161832
1209,0.7313235603117171,0.6712057923292525
1210,0.7093948853576592,0.6392757220032834
1211,0.763205573623076,0.7336115471618605
1212,0.7225320046192024,0.5905844558334401
1213,0.7246913515372225,0.6962255984838261
1214,0.7160515192121644,0.7054501508405986
1215,0.747419461145979,0.7590943136524144
1216,0.6631993213979165,0.4984133684474239
1217,0.7646777881013763,0.574449828131594
1218,0.7444736723821623,0.6732214302404049
1219,0.769533844838684,0.799286216866026
1220,0.7821073639668835,0.6268501800117123
1221,0.7048700525521241,0.5875927096141469
1222,0.7999357860928403,0.719811904120478
1223,0.7637990446086169,0.8154479834402828
1224,0.7668168228816524,0.7605209670561894
1225,0.7750347721856032,0.6848754104116397
1226,0.7581786985802307,0.9374538278972802
1227,0.6897355706258848,0.8811840868756411
1228,0.7763954716055068,0.8169726869030214
1229,0.7352875407641069,0.5383573306219569
1230,0.688431076797005,0.7236191303479984
1231,0.7314232095577371,0.7037674067071276
1232,0.7458137449178167,0.7136504039145128
1233,0.6401060748634366,0.4525880596113012
1234,0.7126950108735733,0.4980891635279159
1235,0.7404266740480725,0.4189609742882636
1236,0.7339867034659538,0.5481893999114895
1237,0.7590011830196487,0.5972980753961723
1238,0.7738712365752045,0.36176773920268523
1239,0.7913949640934705,0.7172619950788297
1240,0.7078837651877801,0.5476175908088576
1241,0.7428366581361131,0.7768844219981794
1242,0.7648871100123007,0.43985321473331496
1243,0.7640084576759549,0.5617456880875134
1244,0.7287163565607501,0.620844153732655
1245,0.7756825676702549,0.6092960534798708
1246,0.711166864830884,0.5735512427530018
1247,0.739190905154797,0.48013924250543116
1248,0.7678947232871743,0.572047083763124
1249,0.7902280739747813,0.5285519188065813
1250,0.7666102920908359,0.4624101078846792
1251,0.7923878247594464,0.481239811566363
1252,0.7684449375772605,0.36070081110425534
1253,0.7548248494898653,0.45576912360715394
1254,0.7503104887066437,0.3933812246038846
1255,0.7326067502287966,0.4172124628059022
1256,0.7512226583147098,0.44193335483305507
1257,0.7384720902336841,0.7195473094672948
1258,0.6315954296485718,0.553866764713022
1259,0.6315975071395273,0.8222195044787926
1260,0.7701928790551426,0.43527261624200264
1261,0.7503105126246586,0.48967506948698514
1262,0.7939869178187252,0.43121627992105793
1263,0.7184184750168826,0.6790360138039988
1264,0.7962189609624014,0.3826523795318062
1265,0.7550391548214271,0.6094851021678966
1266,0.7764628348621415,0.44967511388616277
1267,0.7750349994830052,0.4782093796307354
1268,0.7423445627633104,0.7282875934582105
1269,0.7730850605825013,0.36572963023595495
1270,0.7778836798408248,0.5591825704969349
1271,0.7730173814112518,0.4560854403568442
1272,0.7680752804588642,0.4249152114489796
1273,0.7268354559743756,0.2743214173912145
1274,0.7134568327492492,0.6259552039758169
1275,0.6128325807589687,0.5398587444619505
1276,0.635072380564496,0.6501245421920636
1277,0.6831161242122364,0.4288115154419838
1278,0.6803532111784341,0.29878449502109383
1279,0.6971670837863795,0.6884997296938131
1280,0.7134567508144659,0.4549349223808141
1281,0.7053810655579479,0.7308473287883821
1282,0.7338156468042382,0.6929895262305186
1283,0.7546626281793628,0.6722402591962604
1284,0.7398855723403983,0.2869575924856589
1285,0.7488210692026988,0.1533337433754518
1286,0.7383763212853599,0.3811015000760456
1287,0.7276504102576982,0.3094882184300607
1288,0.7353401129235966,0.24973709906782915
1289,0.742887256776633,0.314905148151575
1290,0.7213978300893887,0.38144302142468245
1291,0.7458678610477343,0.6761170137026102
1292,0.68035501105583,0.7623096022787035
1293,0.7213976745259761,0.3221623015234716
1294,0.6971669507910374,0.4125727839314841
1295,0.7291996767209091,0.3241045287007571
1296,0.6971671498911484,0.5079300586171307
1297,0.6803521889486611,0.4436111397491347
1298,0.6971673950670613,0.36058453675885804
1299,0.7443791541616174,0.4034752439647997
1300,0.6630392008207815,0.5506021372263437
1301,0.6803523508870502,0.5626822349280074
1302,0.6630400057929307,0.37307142156878204
1303,0.6452602611187923,0.40401468924913075
1304,0.6630402886677926,0.4544858896267989
1305,0.6803524775887504,0.5085631965706074
1306,0.6630401795070658,0.4067541055465025
1307,0.6803531683981243,0.46735106212286315
1308,0.6717570931988963,0.43687654367526996
1309,0.6630400300014468,0.421173402827244
1310,0.6270479962985157,0.6245507717363656
1311,0.6630391499846071,0.5758501200575088
1312,0.6717563929889429,0.5390636423969974
1313,0.6630396022163351,0.4816051848259688
1314,0.6803520948583083,0.40048351761313583
1315,0.6717561944418359,0.07417396451017666
1316,0.7575668893250198,0.02849236240165176
1317,0.7353623523907387,0.2656024948282978
1318,0.6786786555520175,0.8560499096763658
1319,0.7716438638496425,0.7301075656632019
1320,0.7429103595806333,0.7721924956429049
1321,0.6955382468062233,0.46556128364014704
1322,0.7575673514169771,0.36710375017146113
1323,0.7503102805918191,0.46646582341895915
1324,0.7429103595806346,0.7721924956429049
1325,0.7429103595806346,0.7721924956429049
1326,0.757567645601828,0.5744301520275332
1327,0.7276743758710414,0.5686058378202459
1328,0.7716422346905274,0.49566114145632056
1329,0.7118783839069863,0.549286064262863
1330,0.7276763431751535,0.7931846240021576
1331,0.6955385736186224,0.5326798954527971
1332,0.7429084934429381,0.5891932804178941
1333,0.6786764380521856,0.6357859781264548
1334,0.7276743929366785,0.6844818497599716
1335,0.7716421090292973,0.6686790759174901
1336,0.7575671354109945,0.7055384437674368
1337,0.695538314919424,0.7103159682067117
1338,0.7716415127673105,0.9623565121079976
1339,0.7604292323312055,0.46131253395931804
1340,0.7353618361994136,0.8164768185755369
1341,0.7674812790278823,0.6503260206833605
1342,0.7716422298918245,0.5404715242355156
1343,0.775749723852838,0.4915107432608785
1344,0.7590011380098718,0.6446075120472576
1345,0.6252496060582282,0.8024599627778066
1346,0.7353618953444652,0.4724392985425414
1347,0.7353645125766586,0.7826919694414567
1348,0.7276738329295142,0.6753233762724049
1349,0.678675532635838,0.4980165361345863
1350,0.7429081270396805,0.6087352654056541
1351,0.7276737495318657,0.6083020140509792
1352,0.5291487240240101,1.0242007730369327
1353,0.7695932408899981,0.7226515489665539
1354,0.7554357264541912,0.8918855899911531
1355,0.766810474839847,0.8751043192227481
1356,0.7554327573144487,0.726488329886628
1357,0.7695954715571169,0.8709079496283136
1358,0.7695926589384928,0.5847816002901451
1359,0.7625888940312409,0.8813979907808429
1360,0.7406906780756497,0.67424202295126
1361,0.7831644900334568,0.5606828527082914
1362,0.7764525975837743,0.4550682155623651
1363,0.7961456072890577,0.40495784031092263
1364,0.7831667066921089,0.8499167841622715
1365,0.7948734372834155,0.45745577944525095
1366,0.7923128683530917,0.5423242958296068
1367,0.804880930085678,0.44104666802243475
1368,0.7897289145317933,0.39440972298520194
1369,0.7871206339305525,0.5882523158509114
1370,0.7406932266977861,0.9128572184754535
1371,0.5460057341065904,1.1453159282700751
1372,0.7831644529027919,0.6637979694004059
1373,0.808537035006842,0.6556575495063228
1374,0.6761529727373117,0.6699265422397671
1375,0.8085373016509865,0.8759656042263382
1376,0.7695934059528969,0.8331715442074401
1377,0.8260311810762793,0.6936133267563722
1378,0.8085373137245283,0.8156170991314946
1379,0.8315747901962202,0.8450068618268372
1380,0.7406908446520987,0.83204482567385
1381,0.8203442345410565,0.6679585984952778
1382,0.8203445064593665,0.8881601896734619
1383,0.7695932344417928,0.6454869802696548
1384,0.8097441248353143,0.5976087356331536
1385,0.7831645486100385,0.5721585883802849
1386,0.769593017242008,0.6702161041540435
1387,0.8085370241032986,0.4279980556425551
1388,0.7831644647759252,0.6480062210110722
1389,0.7831642972492241,0.3454608026978727
1390,0.7695930821186492,0.6640527306619717
1391,0.7831644069545322,0.6696053800555193
1392,0.7695935444157155,0.7710519471062751
1393,0.7831645763237283,0.5410711312189207
1394,0.7143217013863339,0.7581976014575433
1395,0.6675011030424076,0.7804253350547468
1396,0.6930863560940201,0.7842640678125381
1397,0.7583128002279258,0.5371417038535702
1398,0.7695954715571172,0.8709079496283136
1399,0.7368084641207243,0.5455664899684889
1400,0.7214226379779273,0.3678946768890228
1401,0.760359098159112,0.34432683179652734
1402,0.7110342374579537,0.4695579243021548
1403,0.7071123343375946,0.4786134823991164
1404,0.6271158205527078,0.7841484261346219
1405,0.6482149427782979,0.6614793532929664
1406,0.6652573409544692,0.47995698818902977
1407,0.6650005565146659,0.3153559837386988
1408,0.6178402198898868,0.5577201034143453
1409,0.6811962227717244,0.5895494085186099
1410,0.6988496164710982,0.6180930883702223
1411,0.7292995263285795,0.3615722715095435
1412,0.6759440527139965,0.3290110611698509
1413,0.6038761281206615,0.5256188570855089
1414,0.6559825986231295,0.5788060852805161
1415,0.6873876997287843,0.4644797796183875
1416,0.7225314370293521,0.3190013421089617
1417,0.7068451269018061,0.4270990372523915
1418,0.6770132980562061,0.25885512370547925
1419,0.7525186740537231,0.2602202804792819
1420,0.7682813252856124,0.3285110146244339
1421,0.7532301259841493,0.29307583737949283
1422,0.7260689640229736,0.3787491143929991
1423,0.7450599183889692,0.20455760553384117
1424,0.7392642221238397,0.24931895541117655
1425,0.7728808236725263,0.16261987987553983
1426,0.7840663605851743,0.08467156495361916
1427,0.808332294254353,-0.03089778993389114
1428,0.7973592342245244,0.15099126749371727
1429,0.7352868021176332,0.18185566934088637
1430,0.7539208052870073,0.15056336387891722
1431,0.7602178775538251,0.20885826193351154
1432,0.7673434191781275,0.13432588326941186
1433,0.7502382335199052,0.06871935940437979
1434,0.7728135904909287,0.20850969292115984
1435,0.7212670548733673,0.35033642337637616
1436,0.7630577552213752,0.1421074568641556
1437,0.7617108842125973,0.22126991162138765
1438,0.7451806844291543,0.28862952528071073
1439,0.718185226252203,0.25040585169571195
1440,0.7101099726734738,0.22027916207548248
1441,0.7303376353748434,0.2536346127258078
1442,0.7773077409535464,0.153497204347123
1443,0.7900993560745844,0.2632616369757086
1444,0.6995520676334448,0.22866426778093984
1445,0.7359366463905257,0.16787065681972724
1446,0.6979020404354007,0.21855068861195548
1447,0.7137194741973623,0.15609026556819128
1448,0.6918230357338387,0.16919574296349715
1449,0.7020576585674053,0.26789057095524615
1450,0.7479234077261704,0.19399373174068124
1451,0.7212680542435932,0.20351646184868244
1452,0.6818395608328889,0.2600873517449127
1453,0.7092634367801551,0.13472579132521378
1454,0.7449615489931898,0.14781669682387122
1455,0.7151604138136375,0.13106478259300225
1456,0.7457929602204341,0.021285402488874006
1457,0.6946377486349692,0.203095633770217
1458,0.6390010996887836,0.2773600874809823
1459,0.6446055991930345,0.7453453921929514
1460,0.6642197888804618,0.7658020046135787
1461,0.7466435811357571,0.45526217365262145
1462,0.6328252755890535,0.8047703137386168
1463,0.6553144968736331,0.7809575556356307
1464,0.7283117003735209,0.31985362794754746
1465,0.7093423815165109,0.21822493448558067
1466,0.6905874104851407,0.7450419805460573
1467,0.6955905898358549,0.28443554038573815
1468,0.6996857226700887,0.25949823038132447
1469,0.6854509374523134,0.2878229139661448
1470,0.6878588493331232,0.2560483633361663
1471,0.570495077678389,-0.08133650904847567
1472,0.7690114578040474,0.27379103469607813
1473,0.7745890398267252,0.2937842152191559
1474,0.8509351734204262,0.4589061219237509
1475,0.5723102128594385,-0.019094228527692714
1476,0.7246367357170258,0.41586393252958764
1477,0.7674812424958882,0.32193618578252803
1478,0.7754137081744271,0.37707450468429027
1479,0.7322291001395452,0.2487203567309333
1480,0.7263505984698099,0.36898537945163756
1481,0.7458867980181727,0.44042167128884646
1482,0.7639389954941139,0.34437018441960987
1483,0.7221710252211324,0.2579380587631519
1484,0.7104801321345939,0.3359379709465573
1485,0.7381750712020038,0.3837941111629233
1486,0.721578102649188,0.2183283464549195
1487,0.6769624306407848,0.5577457073478564
1488,0.7561274779181085,0.22550697572342848
1489,0.6733907194403752,0.1523165879345747
1490,0.6945499999114818,0.32955916889024284
1491,0.732711560482129,0.1076876381562597
1492,0.7604985626752383,0.5223790110819264
1493,0.7751696842047647,0.5351556520349234
1494,0.7864424552181363,0.6267913073396114
1495,0.7818442327625197,0.4405731862450457
1496,0.7948845965827199,0.4550263623718651
1497,0.7928074366660633,0.5242227255685084
1498,0.7934807180878796,0.6143809733991326
1499,0.7552982554820394,0.5729372244349413
1500,0.7652789666443576,0.7466380687031631
1501,0.7715737576167595,0.49906735896650556
1502,0.7526105824206665,0.4757080883645681
1503,0.7785246580849878,0.3072919042040345
1504,0.7855200020394116,0.6807378824025765
1505,0.7745888034621662,0.4077527142445847
1506,0.7523968629167519,0.7655727648966035
1507,0.7275214153180284,0.5189491246778379
1508,0.7559848114680892,0.5735946153849794
1509,0.7148456284744944,0.6074092499857677
1510,0.7790322644971522,0.691316658194026
1511,0.7532306062683671,0.47596337659430255
1512,0.7726357246018353,0.8338818132722574
1513,0.8095768693692782,0.5550656276225023
1514,0.7063685408387802,0.766278879685145
1515,0.7276736642312841,0.44296580029689103
1516,0.7764625851850212,0.7328458030848868
1517,0.8150269524336808,0.7109630840496202
1518,0.7959679535721716,0.6801647040627623
1519,0.7449613769894964,0.6469502070970004
1520,0.77673072900297,0.5473078697775309
1521,0.7573544741165784,0.6303370058452575
1522,0.787066912030507,0.4857501920931666
1523,0.7808794493654686,0.5654615753952896
1524,0.7502382753447102,0.5503115939248318
1525,0.795490321312526,0.48657609356620757
1526,0.7531608313030516,0.7621745413891183
1527,0.7701249033272642,0.43860457574459044
1528,0.7564837167065774,0.5312411881492025
1529,0.6964052483599511,0.5834833712760501
1530,0.7048703396249709,0.6056583300381648
1531,0.768006403185558,0.5023608012478151
1532,0.7668169588311545,0.7876213667239123
1533,0.7776832604455128,0.6747078094133494
1534,0.7660134919298683,0.6504023283086013
1535,0.7509344130680142,0.6496109510480181
1536,0.7367355070843554,0.789973605281669
1537,0.7574253478167732,0.7066730732487692
1538,0.7733554119502446,0.6434951057997846
1539,0.7662206721438598,0.5912632508946336
1540,0.535453922244024,1.0288848844123333
1541,0.7455468630540799,0.6653837057275345
1542,0.7347117448428493,0.8095961543161136
1543,0.6964351693495653,0.5368871033812601
1544,0.7324559843958586,0.5997289398821435
1545,0.7611765821246017,0.29011030289143935
1546,0.7114309155106286,0.886759114001018
1547,0.7606401505779434,0.1486189171219916
1548,0.713221053207821,0.5768395766525733
1549,0.745034217869394,0.35550170077751453
1550,0.7580391495903943,0.7665509396810455
1551,0.7848661861241771,0.6874242557833492
1552,0.7708494438998071,0.6371563476488635
1553,0.7532304261907589,0.7567787375157424
1554,0.7674804961014777,0.7944026417794134
1555,0.7868321250724526,0.5267436145169055
1556,0.8091826322298288,0.5144942854549042
1557,0.7319554228192869,0.5401563781871985
1558,0.7530151086259798,0.7171011592132386
1559,0.7709180800967298,0.7277326289122348
1560,0.7465910914654983,0.6774168934418343
1561,0.7253786264020388,0.8374018270843377
1562,0.7171710334301753,0.24664735397553983
1563,0.7653463782607842,0.6848360387393821
1564,0.7421232635243078,0.638510019475711
1565,0.7701923125130757,0.601711367783488
1566,0.7956314415632811,0.7106341570054182
1567,0.7858834900105868,0.8002772231873836
1568,0.7696020007003179,1.0977859917657637
1569,0.7336854734222339,0.8697081327045701
1570,0.7504549229005657,0.7030691610020492
1571,0.6726136894096507,0.7832812917428065
1572,0.91734795372589,0.9943586806148303
1573,0.7325300154522603,0.7363154479266845
1574,0.7649557064729827,0.6158290967888833
1575,0.715473670604834,0.6881840215568751
1576,0.7588858711605349,0.4868054425401196
1577,0.7528280531047318,0.7373996859199439
1578,0.7488435293524629,0.7637873745422734
1579,0.7465173879261366,0.7967051999917851
1580,0.7437673741247002,0.7641031205474276
1581,0.7733549846088426,0.5621194823020863
1582,0.7721600626763153,0.7711937366359267
1583,0.7756149700851147,0.6329321069842466
1584,0.760428725060971,0.87383240510077
1585,0.6817992128442432,0.3892899030343191
1586,0.7485356480544398,0.45020338001612803
1587,0.7748331215043226,0.5896817310364089
1588,0.6960996505045967,0.3863163857033385
1589,0.6449366727396715,0.4189296345382978
1590,0.7688743389153004,0.5292162293045202
1591,0.7843038610651389,0.5418959253240132
1592,0.5893626211361084,0.7734925468365041
1593,0.7273471702367412,0.5072689515545372
1594,0.6386511547034158,0.5914509477264023
1595,0.668809868837681,0.36119734055597874
1596,0.7683508352843649,0.5221468168733256
1597,0.7259664239490864,0.5720223615257067
1598,0.6674053535263789,0.4327764043876279
1599,0.7472945731127125,0.6131923646031074
1600,0.7517741202421097,0.48225480736168613
1601,0.6464040242491275,0.544254878242663
1602,0.668284810770174,0.5797128881830353
1603,0.7330864567091434,0.41774606833971006
1604,0.6453505673712819,0.7994978437874884
1605,0.7044715073722293,0.502935205100842
1606,0.5329442001306169,0.6303626803183313
1607,0.7121684064871816,0.30244132574217275
1608,0.6699770360825776,0.07047544823853791
1609,0.7029687314990855,0.26848427236988304
1610,0.6750663419259575,0.13665422739863153
1611,0.7370105303494031,0.1674868924023416
1612,0.78316670669213,0.8499167841622706
1613,0.7554357264541989,0.891885589991154
1614,0.7064226610778532,0.9496237443028885
1615,0.7059404281644275,0.2848897884351258
1616,0.779354114525027,0.1440517439463953
1617,0.7645303213843081,0.20619444500585082
1618,0.7324519288428099,0.32157497558522596
1619,0.7544157194707395,0.31166510818599136
1620,0.7406217942717854,0.1600542498302282
1621,0.7481401810815382,0.1676753775371118
1622,0.7929871360999199,0.3397090229366251
1623,0.7440591012717898,0.20960187880053738
1624,0.7645381841684754,0.26134027162444795
1625,0.7980592625492489,0.340575938073127
1626,0.8155397687536627,0.35424322094521354
1627,0.8090754137112096,0.3484801541821687
1628,0.8107907614102047,0.5322589622029144
1629,0.7872108711351908,0.29336960699656434
1630,0.7810521109406384,0.2691949032811296
1631,0.6560060909434081,0.1720322065604858
1632,0.7856375153434391,0.0536918045926722
1633,0.7603067059399137,0.1904376817495841
1634,0.7734653794916734,0.2560475034657488
1635,0.805548528715759,0.17380936478597864
1636,0.7874701140448799,0.10295562330409691
1637,0.7725842245179704,0.36879857186845033
1638,0.787702934883703,0.4276973725178257
1639,0.7593744419558749,0.8173579562631348
1640,0.765917963340581,0.2511850223224954
1641,0.7805231369757796,0.44116362693753075
1642,0.7878974921837582,0.46270710202203347
1643,0.790433991500467,0.514172108351878
1644,0.798819680745484,0.36728964581320067
1645,0.7852071117817975,0.5959474878995374
1646,0.8017268088795035,0.5338995209170099
1647,0.7851414750362106,0.4964701409992207
1648,0.7838201573918901,0.45626403619576106
1649,0.839118931968958,0.3195132353404011
1650,0.8309670278991891,0.15196872211818668
1651,0.7979725123841227,0.29910978411728184
1652,0.7752528564118302,0.4112107678921282
1653,0.7947098684793271,0.32088483587189653
1654,0.8145954199146551,0.3276898988636061
1655,0.804845092294419,0.31913521299797054
1656,0.7948358694633427,0.4738991936869432
1657,0.7666292120573341,0.8409857352229899
1658,0.7858185702753232,0.34976902719057534
1659,0.8201850372927013,0.21600470248067882
1660,0.7757493285193575,0.5969966192149228
1661,0.7715057662734706,0.654333737122867
1662,0.7306902818581443,0.3568392028487253
1663,0.7133253070756364,0.6909817098776143
1664,0.8011976864456979,0.472396118281595
1665,0.7338156468042385,0.6929895262305195
1666,0.8000595522400733,0.3251759314313203
1667,0.702728087010505,0.46676117014960994
1668,0.7718456775657545,0.37059546828474765
1669,0.6887352546259339,0.5098407429734744
1670,0.7450338895566274,0.5326531556036427
1671,0.7884382239751857,0.25796162954568036
1672,0.6941674309476267,0.1942788679158456
1673,0.7553503654760063,0.22243981226750886
1674,0.7297824362017656,0.33397626122460977
1675,0.7572384002691492,0.551058849984539
1676,0.7625952068600068,0.530039462772999
1677,0.7966330971163451,0.6143346217613335
1678,0.8472808938093127,0.039061318963294234
1679,0.7762101729726771,0.5349688195142805
1680,0.813235856389079,0.40267901555855
1681,0.797912310405183,0.7892391398606255
1682,0.8184898798954625,0.5290019998923663
1683,0.7786073878257098,0.3400972028066427
1684,0.7754804885797284,0.5548730118013321
1685,0.8230875102464255,0.324405516480768
1686,0.7871460216731566,0.3988067691761179
1687,0.7967116216338581,0.7866477365196198
1688,0.778607085609015,0.34213814691692335
1689,0.7936847471433102,0.7612671066061125
1690,0.8450651372559721,-0.15416365316052794
1691,0.8023777534676405,0.273767587664989
1692,0.8332590509976758,0.5845586227726418
1693,0.8220604143163542,0.6010125402119773
1694,0.7077226100697734,0.6158559523680136
1695,0.8127182596445077,0.8072876943783038
1696,0.8042606695868414,0.8609249215193273
1697,0.7941654994937297,0.9433554785037686
1698,0.8045666841051584,0.7457887215956598
1699,0.8029528919186835,0.9207482434511425
1700,0.797910141647965,1.1864116832071865
1701,0.8084414321484129,1.0661775969969423
1702,0.776397355690478,0.7250769668749548
1703,0.7986332615395334,0.6409314668537558
1704,0.7285641171938182,0.5973472924883678
1705,0.7754388454799461,0.3678074976266803
1706,0.8002825468613372,0.45585605931772566
1707,0.7549674871603483,0.6372071137906987
1708,0.770602158749757,0.7269469167491005
1709,0.7973594729948714,0.6317691498135227
1710,0.7611755442881557,0.8491158739810816
1711,0.7860129202021711,0.8740590655902656
1712,0.783239965597041,0.6895005811661088
1713,0.7420499051034414,0.6586981174907685
1714,0.8054760176150688,0.4942028945277679
1715,0.746665923664171,0.764593322380219
1716,0.7707152957605601,0.7476105943293616
1717,0.7640081420914268,0.7605666218426492
1718,0.7486961288702508,0.6605672227507098
1719,0.7552988745237462,0.5687210822889179
1720,0.7328072824196132,0.6579865857416971
1721,0.7266299520595392,0.5630408912694866
1722,0.752467285743862,0.5858585300091974
1723,0.73003429865618,0.5925742038952189
1724,0.7391925175447362,0.7750974314702574
1725,0.7141410975880791,0.7263355634694877
1726,0.781713034709557,0.5760837461534383
1727,0.6843409761788647,0.7252853753633044
1728,0.7352143538548028,0.7920723618026866
1729,0.7413163470854464,0.28665792902249443
1730,0.7280832980991198,0.18594892565909493
1731,0.771914357920663,0.16588401301876665
1732,0.7757496625395035,0.1564145526506593
1733,0.7318010574979029,0.3307114764446153
1734,0.7172743490655623,0.4391870000560072
1735,0.7284111288361613,0.2825619131452015
1736,0.7626649515061529,0.14406080586322023
1737,0.7784583042271682,0.08265489905637047
1738,0.7998121261040335,0.0682118409118786
1739,0.7238162737082118,0.40804953427026547
1740,0.7497580578287703,0.24541943011214684
1741,0.81842082204257,0.043660041657426873
1742,0.7062591946227901,0.3428675706064457
1743,0.7825423238686658,0.17594604032096495
1744,0.7524663903421493,0.32357259079087886
1745,0.7561266096890572,0.3181913717586502
1746,0.8114665002465358,0.06338743079690445
1747,0.790292182572561,0.17949451859923737
1748,0.7824115767249851,0.2797650249753536
1749,0.7243290137190984,0.28120764198521186
1750,0.781713027023889,0.28250251997720977
1751,0.7506260043409496,0.3288660059135955
1752,0.7790992673823594,0.3236082581636399
1753,0.766013689041326,0.23368361969801477
1754,0.8011224907932021,0.2764026685701797
1755,0.7846321701705604,0.6982856565996576
1756,0.7838963583946308,0.2126661373469183
1757,0.7549225647045628,0.28996289991259605
1758,0.7495672074421528,0.32383640206271114
1759,0.7783095870653216,0.28079702162697906
1760,0.7224552574435675,0.3469538760362596
1761,0.7923489847602985,0.19489376849630702
1762,0.7420762286207161,0.30228148736115035
1763,0.7315243541197459,0.3002050919319874
1764,0.7272681217701321,0.27340067984372407
1765,0.7284379789300176,0.38946719859256707
1766,0.755181307998571,0.1954280511690092
1767,0.7547083716682207,0.1596438727792533
1768,0.7499280634972705,0.21108998483195052
1769,0.6817549122643721,0.4192298111810526
1770,0.7570516079524667,0.2274411594687331
1771,0.7869761718617838,0.38422270082367493
1772,0.7335605720652928,0.4383205654111997
1773,0.56532582351804,0.597713011108703
1774,0.7487946150284873,0.5120302367847769
1775,0.6862278867807374,0.6057229138190081
1776,0.7077237928439932,0.2785217579093979
1777,0.8036005967053163,-0.2122570997416915
1778,0.7539201720617128,-0.047801550031493
1779,0.7878420351627368,-0.19903503493117825
1780,0.7510781528122201,-0.12638265442498664
1781,0.7856230003933624,-0.07737481852943517
1782,0.7676875549337954,0.12844704097038218
1783,0.7574251742184929,0.396131320849781
1784,0.7677565169733664,0.027796440950077717
1785,0.8048926755540342,0.27538714942337617
1786,0.8020820640862976,0.30542373862344974
1787,0.7817142975589576,0.721339045269775
1788,0.7723641265231782,0.4533096245317516
1789,0.7635466195564256,0.27482811404880003
1790,0.7942152022323044,0.3338408612205157
1791,0.7574964795289705,0.39958384316176243
1792,0.7656929146976206,0.3194063330302894
1793,0.7472937754941331,0.4134214392595066
1794,0.6387793936743019,0.866708639112562
1795,0.7361610259715595,0.37910718654745956
1796,0.7324556309121166,0.4268877927336918
1797,0.7838057291917517,0.3327468663998685
1798,0.6940946374779802,0.43085708085639585
1799,0.7324556925300549,0.34318157117652515
1800,0.7819100862707375,0.10800057061202661
1801,0.7488412857346746,0.41882590804516084
1802,0.7346380759325225,0.3980302944623766
1803,0.7551553485212061,0.4687013306256098
1804,0.7516296342234507,0.31790779233279043
1805,0.7509344307249846,0.3152327380896871
1806,0.7797379665719338,0.21394801277948705
1807,0.7168315227287029,0.3444174526463435
1808,0.676139808054155,0.7170063898650687
1809,0.7687362988933543,0.5248798980414948
1810,0.7624112912776794,0.23025069537185683
1811,0.7546101165194138,0.09243643432335791
1812,0.769327855271294,0.24389691615564235
1813,0.7216539927138831,0.5678775834043561
1814,0.7442058194245872,0.2986655322885765
1815,0.7608952227101656,0.39511216646436864
1816,0.6727830959445763,0.4761079254552625
1817,0.727674189640578,0.3480577795492632
1818,0.7574983274042548,0.7558651730783597
1819,0.801835882237138,0.23256677426370587
1820,0.7771733019104509,0.280055461482422
1821,0.7275211874981334,0.4463767666822074
1822,0.710584729281399,0.5950457219271108
1823,0.788311337132997,0.7107771909078293
1824,0.7771070745483456,0.36673764434365186
1825,0.684760868261801,0.64249290960419
1826,0.7655544376315878,0.30617812656712395
1827,0.7655544376315878,0.30617812656712395
1828,0.6711373769166347,0.5552378970894933
1829,0.6926173199053128,0.699901223055118
1830,0.6621557505147039,0.543536911778971
1831,0.7159186902273912,0.6358747897296197
1832,0.6825898530970678,0.6695417477422714
1833,0.6963275077561074,0.5184367693654082
1834,0.7179778034884318,0.39197942284462606
1835,0.7658753673005195,0.32136522180298677
1836,0.7147155862748904,0.30437021017107124
1837,0.7442536547942534,0.44539284006615265
1838,0.723150268127017,0.7900996384300063
1839,0.7286404682091069,0.5140325269493253
1840,0.7331091127811464,0.45354219892236536
1841,0.7704662924777024,0.5937846676713878
1842,0.7921864577166565,0.6030750008460881
1843,0.7517013018267047,0.34399602051244127
1844,0.7486758431607351,0.42310007073748057
1845,0.7007389414245041,0.3930627504884878
1846,0.783674047415033,0.44748536884806267
1847,0.7757490527011599,0.5214688036243693
1848,0.789552297006474,0.945195539057158
1849,0.8054143453283104,0.7409729654187247
1850,0.7674638328017699,0.40274075446418767
1851,0.7199235638249859,0.3902891460883744
1852,0.7883095429549293,0.5354719162097092
1853,0.7353889443847191,0.5363485567379174
1854,0.7290710619010499,0.46115952963149365
1855,0.7705338461394241,0.26470308926977015
1856,0.766290250698689,0.2175903182987513
1857,0.7805757579992145,0.7093344686675467
1858,0.7556570251397997,0.7378871688663091
1859,0.725251425980741,0.09263948175694026
1860,0.7810773616568926,0.06712452692383852
1861,0.7480686618655686,0.25997553116849836
1862,0.7207504498671857,0.15978449623053592
1863,0.7560561190778132,0.20242446744226328
1864,0.7585057674096447,0.3104489560566934
1865,0.7391898053157931,0.21720933550936738
1866,0.7429816734349705,0.2577208564999758
1867,0.7713691140122777,0.37151193360063584
1868,0.7996875023127904,0.4532563178997444
1869,0.7075642697745472,0.34935486491747536
1870,0.7336852208153087,0.36862619274516994
1871,0.7049518398786506,0.38669067858064565
1872,0.7523231957794153,0.375705535110769
1873,0.6970326287156781,0.5378598801090302
1874,0.7182631029206494,0.7819565156658994
1875,0.6114858584208221,0.7920233568130755
1876,0.7377531373052103,0.7445500606683373
1877,0.7100040042619388,0.45909353936331687
1878,0.7724996844321386,0.6564925981139451
1879,0.7360111889428612,0.6778042149160166
1880,0.6109520274424229,0.242545284099295
1881,0.7546626027715954,0.6758667701528793
1882,0.7574775097641828,0.17898304946956323
1883,0.7729324691887534,0.5459481183271686
1884,0.7744369142232761,0.5728103270906759
1885,0.7263258599235463,0.40466613459802314
1886,0.7321530148731554,0.8452701455449851
1887,0.7539930823962862,0.32703555061055933
1888,0.7851274697073481,0.4823250076033503
1889,0.7866375736193445,0.4785964728167835
1890,0.7539928078039915,0.3163035552310678
1891,0.7896108179664525,0.33226516643438586
1892,0.8055353714224455,0.47004944469429955
1893,0.7821482584942999,0.412062693632409
1894,0.7407703717801871,0.38668998521180686
1895,0.8062378565920201,0.8216868270184436
1896,0.7676182639993373,0.36415452251744007
1897,0.7513669455657346,0.8802827738635592
1898,0.7725001014321595,0.2697538604377865
1899,0.7700577593917514,0.7463144841002931
1900,0.7891880621240746,0.6932361965422347
1901,0.7619917304558482,0.2643403996349125
1902,0.7426397223785394,0.7899252795773908
1903,0.6244621120475773,0.8582150189503572
1904,0.7897414045648318,0.6992445012044568
1905,0.751151139015512,0.42269070087538463
1906,0.7394878397709805,0.30678095352393786
1907,0.7629448392191929,0.47660245229398157
1908,0.7400563500557632,0.294463676463554
1909,0.6776090295801935,0.9420575466762697
1910,0.7644261018072773,0.6294337050153125
1911,0.7190944034108734,0.7720545259863156
1912,0.7926809009330626,0.5641063776072679
1913,0.7486257111060645,0.7778660178328174
1914,0.7977725262083313,0.4125101741733106
1915,0.753589758636096,0.3124480165048249
1916,0.6761124878380159,0.112164933515019
1917,0.692013190032844,0.19596629058248727
1918,0.7488942423239909,0.36405500746794406
1919,0.7329348934404227,0.06524546201386805
1920,0.7512033266239918,0.3445893831480209
1921,0.7055393118510579,0.34578791762496763
1922,0.7328596671001152,0.5069145634639067
1923,0.7393919502178791,0.3434982085117806
1924,0.7749949872779335,0.6835336786820125
1925,0.7701927921004634,0.34832981855316625
1926,0.7587702634865039,0.5519298393756671
1927,0.9548408808463558,1.225474733398645
1928,0.7565995777854085,0.34412227075155144
1929,0.768212808524034,0.8171575363198871
1930,0.7849966781246612,0.6823740540098333
1931,0.6979534347269726,0.3204053352324845
1932,0.7551577500534878,0.7707558446127223
1933,0.7541357650368353,0.6592423085814323
1934,0.7685583768651097,0.7095162693217016
1935,0.5911248967248228,0.4047446595851527
1936,0.7529954689819731,0.5481876492173106
1937,0.7630144814772523,-0.002543922345732419
1938,0.7366365726839647,0.38644329607185046
1939,0.7368609876215412,0.39519339457331615
1940,0.70870581695096,0.2874293119869602
1941,0.7559663617199058,0.571114616919254
1942,0.9877909363106493,1.6409979991591985
1943,0.732028133551045,0.14379749550886523
1944,0.7117993718119117,0.35640041029462655
1945,0.6815306940413434,0.5328304995879458
1946,0.7075911560713608,0.2523974285075328
1947,0.7617811945185634,0.23873395395024488
1948,0.7380997714598656,0.6380195679081142
1949,0.7026480307788825,0.6379516786227359
1950,0.7428875149004069,0.03794365540088851
1951,0.7193012168959952,0.3474209978374869
1952,0.7124830777054965,0.23576365709505165
1953,0.7150563046145703,0.11097089501587654
1954,0.6688550643282375,0.2677527542558513
1955,0.7809956024041033,-0.08186004778699907
1956,0.7305917712521621,0.08247994138287407
1957,0.693051988748071,0.3078384057343575
1958,0.741388668536472,0.5065749859048925
1959,0.7398855622688197,0.49376095509123097
1960,0.695671776338017,0.6210212693903152
1961,0.6624876375998274,0.15271160508553105
1962,0.7619210748150078,0.6665461364874474
1963,0.7300101571688332,0.2967760262062953
1964,0.7205711307034186,0.2956569887297835
1965,0.7267596656623888,0.54140806278195
1966,0.7077766660337392,0.4240453743243098
1967,0.6996046629699253,0.26593219718149985
1968,0.7383238260373126,0.5779896600564847
1969,0.7079360682853137,0.50811411600578
1970,0.7423975244369018,0.33631776029936855
1971,0.7124578953234276,0.5175542968315225
1972,0.7393391830488145,0.39492219394605765
1973,0.742050200395189,0.3531843273587265
1974,0.7518449697504302,0.4121360829714362
1975,0.7149256706143055,0.7788617306377237
1976,0.7526821235182131,0.33455045150441265
1977,0.7424192024170634,0.4452923577063874
1978,0.6561094204217534,0.8785879204541471
1979,0.6392442072635297,0.4495135780306585
1980,0.6881913306339119,0.741152084843665
1981,0.721398014219102,0.2474767665035582
1982,0.7078845436346014,0.6770814936450984
1983,0.6325339820164579,0.16496644336417088
1984,0.6440333890637905,0.19570756636036268
1985,0.587858382502488,0.043160114941684924
1986,0.6645874317110976,0.6988413438201322
1987,0.6444734731026224,-0.028437404384543008
1988,0.649908477951775,-0.13080014550362318
1989,0.6244353964401334,-0.0983323845177182
1990,0.7380515883993983,0.186970427371409
1991,0.7207261350146574,0.23423179333301647
1992,0.7081752708513804,0.1984407465870497
1993,0.6859506654217113,0.7278792690370484
1994,0.7133782527227361,0.42424192037422515
1995,0.6846459008131929,0.5206930457848165
1996,0.7307436001901552,0.36499596935866396
1997,0.7269130210227999,0.47650844719581276
1998,0.759001827271277,0.6483321298152118
1999,0.6949639361141909,0.4202942407138277
2000,0.6272527628090303,0.7675688417438478
2001,0.7436254613108321,0.6332369497844592
2002,0.6697929203801823,0.3026155990627224
2003,0.6761381653627686,0.5132264654874934
2004,0.6603835411745903,0.47376381844594384
2005,0.7451827634759177,0.76669478340078
2006,0.6558570175456855,0.20883606825428647
2007,0.7530870239953658,0.16160362831716402
2008,0.4647645385843933,0.324599478953445
2009,0.7261217839509745,0.7952824193084664
2010,0.6860050570815401,0.040966110539828016
2011,0.7623873320906737,0.7555449952799167
2012,0.7247903942057669,0.43457442320182604
2013,0.6822244784022091,0.21377376794849123
2014,0.6931337939036587,-0.02091432235197388
2015,0.699308009811464,-0.06356739787924237
2016,0.739115997077814,0.16612460353722103
2017,0.6877505866327864,0.2482357681327425
2018,0.7581786629037148,0.046847741067072235
2019,0.6215263223912961,0.5949707126643249
2020,0.7889928668600544,-0.24746878552126006
2021,0.7289186158015633,0.031144887710595093
2022,0.7214228889659776,0.05812528906960335
2023,0.6474152683418476,-0.03565741153575708
2024,0.5699486983717393,-0.2486178707276112
2025,0.5996404566403055,0.04412465810641031
2026,0.6732323419602454,0.015089156350568622
2027,0.7214228889659776,0.05812528906960335
2028,0.7305155422931449,0.14858942017361088
2029,0.6947186400490599,0.2102779310719427
2030,0.7365358115669915,0.07569567384875064
2031,0.7198205876461896,-0.028723213934134684
2032,0.6425377672245134,-0.2639574398497935
2033,0.7436703561835181,-0.21941667855939162
2034,0.6815002668432203,0.7448493603486028
2035,0.7496650922934796,-0.14121231859758154
2036,0.7681952983566996,-0.15617702923549448
2037,0.6489693621496334,-0.1480943972871085
2038,0.6427142267390176,-0.22874165288416304
2039,0.6734404365132849,-0.359210234597545
2040,0.7546101891955261,0.06971482723453892
2042,0.7413913154221209,0.6824480184820549
2043,0.6980609997763259,0.02891432645692138
2044,0.7358649532446677,-0.21282297241934334
2045,0.6100584393866548,-0.13614737510510722
2046,0.766221878634248,0.22011365944183314
2047,0.751700738963492,0.12407522919744185
2048,0.7298810954360434,0.05640177601658625
2049,0.7689423713555172,0.24112835753292128
2050,0.6411700723672459,0.06598709625862398
2051,0.7105085084455711,0.8021865125462799
2052,0.7512953751753179,0.25960875561640595
2053,0.7292997857701091,0.2240064367806669
2054,0.7150821357456967,0.371969002715284
2055,0.7511508948205758,0.33339869392358334
2056,0.7565547465892133,0.3910383906283741
2057,0.7446938325190043,0.44181839606257434
2058,0.6612691721218892,0.15772002239178207
2059,0.6810728462156307,0.29006378281781764
2060,0.6617241612645416,0.10539596174048604
2061,0.8417885240954237,0.28023839176977106
2062,0.7247137653018916,-0.1286104290882042
