NPLV,TST,C
512324,1640.762445921678,0.043603613181830966
512327,1649.5206875080457,0.049198773820232876
512328,1643.9924714474935,0.04255724015343039
512331,1652.167160651483,0.06563841534476174
512333,1653.4411255854,0.05820972372513477
512339,1647.1729436579778,0.058644413399178245
512344,1645.4491371736826,0.0645804532722683
512348,1665.9800482482342,0.04185188146359833
512349,1668.5130676059568,0.040557699763412086
512350,1657.9062883704366,0.038726664650022634
512352,1655.2171118043698,0.05220749070523482
512354,1669.0398741094357,0.05807467498692885
512355,1651.8162109383522,0.05338213242569765
512356,1652.9493807030171,0.04700369737823122
512358,1651.6308706997597,0.04246888078725396
512361,1663.1029863876083,0.05379596659616983
512362,1672.0719348271598,0.07099699962458442
512363,1659.0657447775507,0.05908255520370946
512366,1663.0200508293499,0.05085902975989245
512367,1660.5186365871755,0.04391234619858677
512368,1662.53857453085,0.03779730250106186
512369,1643.7401495721033,0.05132382502733522
512370,1660.7436595491163,0.060160757952811575
512371,1663.3433049932723,0.05300406471054799
512372,1638.79616013647,0.047685220932033374
512373,1637.933105325153,0.047855411594545524
512374,1648.6347916707127,0.051369268155187026
512375,1656.426251909964,0.05234761961568063
512376,1651.7064166219945,0.0499553630641723
512377,1649.3779799992692,0.06785425810890235
512379,1655.4752299523793,0.043538213894995785
512380,1659.4936745097862,0.04829090123282235
512381,1625.178142886586,0.07143527777357331
512382,1657.0436404625636,0.04928064614205653
512383,1666.608703245668,0.04469796094251896
512384,1661.817741028913,0.06297526291492156
512385,1661.7527952533762,0.04673569822619492
512386,1660.2998225471558,0.04164539048908348
512387,1658.4258778560668,0.07244778537260238
512390,1666.1501870992174,0.04385257068948374
512391,1659.503898274744,0.06453767177431821
512392,1670.0079289066523,0.04075901221348945
512393,1642.0732699071616,0.059762390458294824
512394,1657.8642976067633,0.05395872816719873
512395,1654.6042595893455,0.048583810788985944
512396,1660.4246158378503,0.05455550376408542
512397,1659.363358442331,0.04445471243010864
512398,1650.5942556410293,0.05083934497521909
512399,1660.8842209714892,0.04865070623763866
512402,1656.8681907613466,0.056061597278995234
512403,1647.6702478637687,0.04219921391018358
512405,1636.3675811825342,0.07322440311631565
512407,1649.7808946652056,0.07033913436717575
512408,1645.3905708649017,0.06512721017670858
512409,1642.6479856648673,0.07944766932314815
512410,1639.5677399183298,0.08525245224121245
512411,1637.607063657034,0.07307265899540112
512412,1650.3524437469237,0.047137625729871256
512413,1640.8389819835434,0.0680928461286451
512414,1642.8764649104894,0.06670974103712456
512415,1634.9461785314443,0.09978940492096947
512416,1653.15997188874,0.07126548109096784
512417,1659.9624247626036,0.049920611586536844
512418,1647.7603010095113,0.046615481476869274
512419,1640.8932057406305,0.056477865500409216
512420,1655.6177444184682,0.06294259872518307
512421,1663.2025440920502,0.059508101064653686
512422,1639.6347899239527,0.04735555573368693
512423,1643.7918333511695,0.0866381243066053
512424,1633.6470631598731,0.07429767310345028
512425,1652.8558756800333,0.051433840202827937
512426,1646.9908361132443,0.04421002827789832
512427,1660.9554654224598,0.04254750967255024
512428,1650.8571303003246,0.043995070949324006
512430,1633.4708476800552,0.07150006587148904
512431,1643.193211183257,0.058881006652606795
512432,1639.9691360541967,0.04254990842069241
512433,1642.5053998374901,0.04776683119307157
512434,1644.5074522834786,0.037960529582402223
512435,1644.347019892193,0.05396984150585529
512436,1641.0150799535825,0.05574264265860337
512437,1647.6619235947396,0.04017530728763901
512438,1634.3229608123181,0.059110174307013826
512440,1637.6974917134764,0.059689168927454544
512442,1629.7126650533742,0.08272668036936964
512443,1655.9494991134447,0.047666666179114865
512444,1639.0510019513722,0.06508116375549586
512448,1635.1123688077926,0.03912142267197672
512449,1626.4522000224536,0.0691544381985956
512450,1652.6370752066143,0.042176536085084725
512451,1642.369877620428,0.03996976554455728
512452,1652.138828923746,0.03872306040327094
512453,1619.0019632281783,0.04121686912808107
512454,1648.6697549133987,0.037778628837442776
512455,1647.271020876401,0.06090030088763131
512456,1636.7523631788224,0.061114382366995165
512461,1663.5427420969095,0.04426706877102524
512462,1625.3145349166175,0.04311754784652338
512464,1652.3671125453102,0.04386183643118907
512469,1655.3881998173802,0.07806361447948691
512471,1653.3879126310226,0.049071558161581666
512473,1627.8643994592985,0.08000213010782337
512474,1635.7906043859132,0.08177676026851866
512477,1639.9984839103302,0.03774197357580417
512481,1645.5188396626033,0.059702589830599825
512482,1644.670897455122,0.06217978481069051
512485,1668.256809063737,0.051578041149027476
512489,1659.6428109508813,0.06155715794749072
512490,1669.1585886770317,0.04530028339409535
512491,1638.2115914701174,0.047521250910047295
512492,1658.425694909784,0.051086892100605116
512494,1649.3401163573888,0.07738730777669953
512496,1662.0854849050265,0.04122778006258991
512497,1655.5120842841957,0.04864028161435953
512499,1669.9177639615616,0.042953784671581376
512500,1662.4236855233507,0.0487896409349572
512501,1666.5524544021762,0.04017449501872171
512502,1666.023629904407,0.05608007742787493
512503,1665.8761105315307,0.05903718119229252
512504,1667.4818695520971,0.05921640485007149
512505,1662.0514630346995,0.054876118024889384
512506,1659.7386038099803,0.037591140844361874
512507,1670.5594769669767,0.061505997502758675
512508,1661.7504992216332,0.045147635037160516
512509,1666.1472666910254,0.05776564525903949
512511,1657.5004363285352,0.06275046616220378
512512,1669.938726197157,0.038914638146069935
512513,1669.5674427590093,0.042143199831786896
512514,1654.6057255742066,0.04741699651643184
512515,1661.9923711151398,0.048826405529794406
512516,1661.077129389977,0.04771985501078179
512517,1660.9063885437017,0.04383857176966582
512518,1666.750344365802,0.04127711639537322
512519,1666.655503645631,0.05752962894542999
512520,1646.012233848346,0.0788430048216949
512521,1655.0677406588156,0.07389665890773295
512522,1656.5976064652475,0.04522530441862932
512523,1661.8055989306686,0.06248254308351644
512524,1657.2216869857193,0.05226744821927428
512525,1653.7121747326146,0.0574978048898083
512526,1639.5960373494997,0.05382836284454218
512527,1656.1716633541153,0.05027884228407733
512528,1646.0856543032999,0.04940656534898597
512529,1641.3444285502333,0.056524550240773096
512531,1647.0585793379175,0.0817905113317091
512532,1657.7828130302041,0.05423973176143351
512533,1650.614225690506,0.0374569716445297
512534,1650.8678598151587,0.06635859029061542
512535,1648.2140462989337,0.051977232871062075
512536,1640.9742181854645,0.06377490131980482
512537,1658.2658108792368,0.05445545840699455
512538,1638.209114488281,0.08908445477946146
512539,1648.5639513470207,0.08859738612440211
512540,1649.4847821006013,0.0683923200473161
512541,1660.1886049545465,0.1017111490417497
512542,1651.7976694188533,0.04804970924034451
512544,1653.4691074026,0.04895494188658313
512545,1653.1398274657988,0.054068838708472136
512546,1668.130292254625,0.04840488203085858
512547,1667.0116301755788,0.051419577140239765
512548,1644.7534140805574,0.050650437013259296
512549,1666.5226122427098,0.05117785081290853
512550,1658.9569141991615,0.05688422427724983
512551,1668.905373639644,0.05960504002048609
512552,1665.9410013677168,0.062312387777169985
512553,1659.670139718774,0.05113664282009144
512554,1667.4406212239855,0.04790126553932691
512555,1665.1171411400076,0.04719281859833646
512556,1655.1726621045457,0.04965719285449621
512557,1662.9787495674168,0.055273129508085925
512558,1660.7964735590108,0.056751761951255635
512559,1650.3008593091752,0.049187296722473024
512560,1659.0131604605353,0.05075037204313328
512561,1662.8129928756882,0.05036832633469555
512562,1661.5132342073045,0.06322387654125691
512563,1642.8702645492838,0.07312240333307768
512564,1654.1569374226517,0.06628024871812056
512566,1653.0665140842455,0.04056337259841816
512567,1651.914654796616,0.04116089910079369
512568,1665.5214222864245,0.04731558209550915
512569,1664.310824267179,0.045743076663655395
512570,1663.207907833386,0.04816426998560557
512571,1664.2357482459927,0.06327364456029762
512572,1660.2882650713507,0.06125665135917528
512573,1660.5917289422036,0.09758767951067729
512574,1659.488913645201,0.061862040782613606
512575,1652.2831211772648,0.06176230622078476
512576,1659.6347286353835,0.05128692553865224
512577,1662.8113501868029,0.046206851790943276
512578,1653.165227895719,0.0889174675711016
512579,1659.1129632469933,0.05469737249300807
512580,1658.268031155178,0.04176514944497793
512581,1658.9427200044536,0.040097688698786126
512582,1670.0726859708627,0.047460997850652116
512583,1655.3092200842275,0.041532152968353844
512584,1660.8695660215217,0.04573304374784933
512585,1659.3926339984166,0.04714556207271865
512586,1657.824232535292,0.041174171206399164
512588,1656.259398631121,0.0581005247181324
512589,1663.4067038208505,0.05745347201418507
512591,1660.8548535860812,0.06130925447516748
512593,1647.2789637319202,0.05262283604460592
512594,1659.9459641747385,0.0678023203308828
512595,1653.20867869064,0.07779315148213523
512596,1664.3544421908532,0.08240741570000289
512597,1662.117626495942,0.0592724378907645
512598,1647.9829797569184,0.06878775695702395
512599,1664.052574360772,0.0753883793038515
512600,1657.7853895581145,0.07088548500374589
512602,1645.3049147894749,0.07275203309916121
512603,1660.6050759923578,0.07765646690974314
512604,1660.6484631869068,0.07367151710427139
512605,1655.027092409561,0.08791271641555984
512606,1657.9026771456765,0.07499994311272656
512607,1654.5242696359178,0.05495951251727476
512608,1653.137379848056,0.0506330274591567
512609,1646.968715590225,0.07446775448565512
512610,1668.9907098526107,0.05491561284715169
512612,1643.1390292245558,0.08067485317523439
512613,1662.1408009574418,0.07432258458960789
512614,1651.4342513182576,0.05581259270011238
512615,1626.649521811574,0.06266428457452666
512617,1646.5455690471854,0.04556238780290155
512619,1640.7346724885822,0.043641597141669916
512621,1635.4176204931962,0.05461879316590524
512626,1653.7818680677515,0.05717727682755203
512627,1646.6020856651735,0.058207279439976556
512628,1656.7203495629915,0.05283796609262994
512629,1658.7084789005921,0.0632814251390095
512630,1648.326809419924,0.05122110181705109
512631,1657.4880809975675,0.0830602629733892
512632,1658.7216671754334,0.07397898658134251
512634,1632.6501014004855,0.05830087759777117
512635,1655.6881493012538,0.1029353622425778
512636,1657.8007305975368,0.08912335675407757
512637,1645.569704925783,0.036171570406967814
512642,1648.0666534041775,0.06250354553083393
512644,1655.5048548553432,0.04981658640999528
512647,1632.5429224329241,0.08509792346192387
512649,1631.5588723993078,0.06833422167896958
512650,1644.6805250944267,0.06552149597508539
512651,1647.2697053519073,0.06633824676107013
512652,1634.9950816840471,0.09653363774628339
512653,1662.3292690953206,0.08942135961274847
512654,1648.3692682711205,0.10137256419536234
512655,1654.3324954730197,0.08203202690995101
512656,1647.1403130985068,0.08389916880577654
512658,1628.8070568539395,0.09192134466812224
512659,1638.321121433948,0.048190033772278894
512660,1658.8278040715682,0.05694292799430931
512661,1654.4705102431146,0.08060676372938648
512662,1647.0547566998011,0.06307287642208657
512665,1657.4680298823282,0.06113749437489589
512667,1657.851518340079,0.0553214322935059
512669,1659.8341521513987,0.06541337623563462
512670,1665.8192964081302,0.07789198216095941
512671,1660.2666110003208,0.06876354124476851
512672,1652.037264726338,0.10004802683011366
512674,1650.9598935020158,0.09834600875083865
512675,1669.9167376775054,0.0581080563282505
512676,1665.8924175218142,0.05910977531218487
512677,1656.715792236084,0.04375867379811884
512678,1663.7976740069967,0.04506224422260661
512679,1655.3758599786584,0.04353631145618222
512680,1667.0325965019251,0.04614352032774207
512681,1658.562250656932,0.05930374641018029
512682,1651.5241525751403,0.049304845772986286
512683,1664.4164959237557,0.07988746102105622
512684,1655.7053969729495,0.04715744848463301
512685,1653.9949090417447,0.07045560128678059
512686,1659.7665283812544,0.042492632254147136
512687,1664.8236577197708,0.042284111652682164
512688,1661.915440670487,0.037813972327536687
512689,1658.462965906378,0.03643541733630545
512690,1648.670072849418,0.040165404759101075
512691,1651.6813957671354,0.039337397669908965
512692,1651.0494033065884,0.044779775700406206
512693,1650.6600554320605,0.046178332993199296
512694,1648.0925412324616,0.03572076970311129
512695,1637.527587253951,0.07834521198194837
512698,1655.4577603404273,0.06159630423754755
512699,1629.8506748714549,0.07359497071803948
512700,1657.2940157373673,0.06211031520279979
512701,1653.1646393843282,0.061477993238089744
512702,1646.470754508191,0.05951670934132032
512704,1668.3039346244573,0.040999727654437865
512705,1655.512183702017,0.04531107539631573
512706,1667.6952213208695,0.04131251934361447
512707,1655.8429921450588,0.07731452536476378
512708,1650.919793163512,0.05448759361968762
512709,1668.0678818603571,0.057409955989202566
512710,1658.9667740228022,0.05755495696399485
512711,1658.6377548443418,0.07017755016752966
512712,1659.0135226788611,0.07726036281650374
512713,1660.8296392332397,0.054985187063122797
512714,1649.855104844745,0.05238730109168354
512715,1673.7943271325398,0.0544373222778992
512716,1659.2699797172702,0.04135676756702834
512718,1658.9655430937012,0.048648233477958026
512719,1658.8237005885308,0.044096638342891195
512720,1662.3440919781392,0.05892811404354702
512721,1656.6917479428273,0.06562491512750741
512723,1654.6138743266688,0.05116101830878174
512725,1665.0136415689606,0.05469216153698628
512726,1654.8117764789033,0.06264301405517542
512727,1663.181172543392,0.0623451914442569
512728,1661.9847582116017,0.08611332668395102
512729,1646.103631740519,0.0644211342540041
512730,1650.873563429601,0.08551446714324648
512731,1653.1147190489653,0.07140444332466735
512736,1640.439553892254,0.10368781609915817
512737,1651.2672529627143,0.04599945571109021
512738,1657.4670177519722,0.0497066905116513
512739,1660.272606693012,0.0562155272522346
512740,1650.9008150363782,0.051730553293421695
512741,1655.150234312404,0.038999207231349683
512742,1661.3353783249268,0.0463429800136715
512743,1658.8880331369253,0.04618531355053677
512744,1656.4141910647913,0.06298224054015093
512745,1660.0949236146914,0.06577132093339515
512746,1662.3734842218294,0.058453320533666975
512747,1651.9486410381808,0.09968736927232374
512748,1661.5996362992494,0.05429961333405819
512749,1661.8705371089402,0.1074436591972503
512750,1662.588606534496,0.0771703424012938
512751,1648.1265806259898,0.05750948068586824
512752,1654.3625294416324,0.08956120123077645
512753,1653.5276867279988,0.07549765410366531
512754,1654.4199204056088,0.049782995787865957
512755,1654.605744281062,0.07468676203060452
512756,1658.2924960416153,0.06366862083916125
512757,1657.1313979794295,0.059917960670374366
512758,1652.6099451499747,0.06714687890616727
512759,1651.807672156929,0.05537360105162973
512760,1655.1792428965764,0.08159055246989595
512761,1656.8662928963483,0.0810932667915924
512762,1660.348868006927,0.048949731236311585
512763,1661.1474852661363,0.05782068925815888
512764,1653.0112549602363,0.056114572296465846
512765,1655.1212646009594,0.050871551446523146
512768,1650.56893069512,0.041280161677162135
512769,1647.2068535331039,0.0454898683754063
512775,1647.929711351558,0.04369145025741738
512776,1656.9887972102772,0.05451762391983821
512777,1652.5039912055531,0.044826760852124566
512778,1648.6184689696756,0.06129460894178303
512782,1650.7106412840826,0.05796147930569661
512788,1653.325420830265,0.0608045123937971
512793,1641.2774265790197,0.05988951626552099
512796,1659.7875617250393,0.07503238904399952
512797,1657.7674051036183,0.05291811671977761
512799,1650.9594156622113,0.05596506888595528
512800,1646.8952935409347,0.046206913013021995
512801,1654.996290153475,0.08699818729437771
512802,1663.3570659569348,0.06163163362310368
512803,1648.2722632914833,0.07226554955674666
512804,1659.2468528277377,0.05067076105739197
512805,1637.1550155109649,0.0825230145334832
512806,1648.3308401065156,0.04763505976836634
512807,1648.0700957044776,0.05090659413947292
512813,1664.0538443058113,0.060284224102500686
512814,1654.6928576959442,0.07422782970068899
512815,1652.0994685931241,0.06709994510932943
512819,1656.7230959423237,0.11548939803671883
512821,1655.442776044753,0.0568686667987098
512823,1662.3947570824414,0.04563696400698998
512824,1662.4149577470937,0.05389881745647321
512825,1660.6400930283348,0.07848056557696864
512826,1648.347359909546,0.0524742888644696
512829,1646.8379287204225,0.08245249042273083
512830,1641.2408830025101,0.056391896510256966
512832,1637.7281863376377,0.10167271812033263
512833,1658.8637843892009,0.06621484856232346
512834,1650.9029973598508,0.08916963020243743
512836,1644.9780556601206,0.10204211104049596
512838,1657.3586721174795,0.058895722264489185
512839,1650.2552487185335,0.0651788609089871
512840,1653.9356955316377,0.055575146145645654
512841,1646.3444644381957,0.06487177358074822
512842,1644.652746039858,0.12260587145854286
512843,1654.74219242933,0.0823426805134776
512844,1647.4458302839487,0.052996736986391804
512845,1647.2482834106468,0.0510796930279903
512846,1642.6513696283596,0.05734054970196809
512847,1637.1302281458693,0.05175442146352706
512849,1648.9628540501112,0.04626380625421015
512850,1656.6774726589613,0.04976791357683505
512851,1651.5812422134966,0.05235241759023874
512852,1636.5378021778215,0.08313587220147156
512853,1659.6518932767776,0.09266125693329859
512854,1638.1434300933367,0.05947739741893646
512855,1664.2433984221657,0.07920894806597858
512856,1658.6046130851714,0.11295903520287662
512857,1645.6747283166867,0.1004873040214665
512858,1657.264275782421,0.04891252025538228
512859,1660.9824477427878,0.08642018957025777
512861,1667.9755840143023,0.04659947334167054
512862,1661.0835520329808,0.0687340880832688
512863,1652.9455146168905,0.04923035005499087
512864,1662.6886986624088,0.058234639368800904
512865,1645.2386790787364,0.06533399649342365
512866,1645.7302746462865,0.0478315502081494
512867,1647.9588275012622,0.04619081992786514
512868,1655.2576053103662,0.049749937397936546
512869,1647.3139501728533,0.03992895731156418
512870,1651.3720378194018,0.048607709494635824
512871,1645.5588502751423,0.044076833304220187
512872,1655.2173485950336,0.08517509952946427
512873,1648.7264416005305,0.05525919645505565
512874,1649.4605691193656,0.0602964404820766
512876,1645.4707710732855,0.0508487270040533
512878,1631.3935395726692,0.08218554763741022
512882,1658.420568611722,0.07758531291988459
512884,1665.1586611498399,0.056234361155765716
512885,1655.2355080928332,0.11235312866250516
512887,1656.4440320768772,0.07719542668207366
512888,1652.5008920432065,0.07687398895734801
512891,1656.8923395841402,0.08362925501359318
512892,1655.4195145912288,0.08547852217858569
512893,1653.505864785605,0.0979506044826725
512894,1651.942734473184,0.061742295024727153
512897,1650.0759960550333,0.06373135635090552
512898,1642.6813250080559,0.05113496401645514
512899,1649.9455112765038,0.06835610704246703
512900,1655.4603417036892,0.045944647730250636
512901,1666.7581470773619,0.058333070387871555
512902,1639.570419608659,0.04635788180678078
512903,1669.0042381774035,0.05435526079011375
512904,1646.8356198139575,0.05093435274680177
512905,1657.035510109415,0.047231540597282
512906,1663.6460418402728,0.06542446615613226
512907,1666.9446825428056,0.06360581007200596
512909,1648.9838656311936,0.07338769739756565
512910,1662.8498637859348,0.06478568079993186
512911,1664.0807744636377,0.04762331282206296
512913,1662.2789025972274,0.055877121336370246
512914,1669.011345509364,0.05584364295547054
512915,1630.4968580084387,0.0424787627021363
512917,1657.3341352365594,0.0647575825948976
512918,1647.4035835303068,0.07151676522223897
512919,1648.4759334037187,0.07486410440399707
512923,1661.4621726924806,0.048402037314984256
512925,1658.010848735486,0.06599903618935535
512929,1643.0693189091346,0.06904142131453504
512931,1628.8522177974532,0.06875807879225246
512933,1653.5965965633998,0.07876343255350789
512934,1653.5427967503888,0.054395233417863814
512935,1669.7324114478035,0.06514401289853719
512936,1659.1427530896467,0.053288038667407084
512937,1643.3814488696512,0.04369228217691904
512938,1665.139862011383,0.05242648602573891
512939,1652.269203122165,0.06641125181464425
512940,1655.2748079421092,0.04542630097156333
512942,1653.304532353835,0.05926916408646162
512943,1653.339020811667,0.08188185496563906
512945,1659.9521838879705,0.051126063342364476
512946,1660.5186389749508,0.05748344431204601
512947,1663.116624924159,0.04955654216668013
512949,1648.9698637334325,0.048105287649939495
512951,1656.1955755326508,0.039558732776423564
512952,1648.2797920585472,0.04563778417443748
512953,1652.7437849254418,0.04418473685119639
512954,1634.5035723938943,0.07096964569676358
512955,1658.3723819507231,0.04719007505401763
512958,1650.6811436087405,0.054244999406173625
512959,1652.836698204492,0.07356619349535679
512961,1633.7375904611247,0.09474109610352138
512962,1650.1211734504138,0.055547537997038265
512963,1657.4364138545634,0.044645069699818775
512965,1648.632772341539,0.05719524145544812
512966,1648.1442168862932,0.07242298843521307
512967,1633.3274067567993,0.07452388345998781
512970,1641.011368570382,0.04588117606605018
512973,1658.0866103887408,0.04966087544943628
512974,1652.0356705348775,0.06491148761569629
512975,1650.1643135756149,0.05427604349509173
512976,1644.5223083184133,0.0702433458042408
512977,1649.9386523457429,0.05380114344669544
512978,1648.7007236841303,0.07370397019265718
512979,1652.9255768229723,0.05836473542898531
512980,1651.0483398746699,0.06393479585176258
512982,1647.9471595618897,0.05540192997289192
512984,1652.3554285588311,0.056099812231673374
512986,1656.446380747301,0.06061712581569993
512990,1653.4548188496303,0.05649934108122295
512991,1610.1043996207936,0.07630860191356303
512992,1630.7815993242214,0.059401783105593936
512993,1645.7626976951258,0.0655195384940827
512994,1647.3754502197175,0.06575166406511773
512995,1649.1553745259414,0.05701073856520054
512999,1654.9243446537716,0.046106641076544254
513000,1659.0763453282898,0.0415329384764488
513001,1669.4756605259215,0.040336653947449654
513002,1663.5427742017823,0.03866419826464521
513003,1660.347453323981,0.04057990214159303
513004,1656.4571316324339,0.05609887152821014
513005,1633.5117494788865,0.06299516074692346
513006,1628.4701541814268,0.0580192809141576
513007,1666.2780574563121,0.050144998906237886
513008,1637.8738251451396,0.0847403978190053
513009,1650.1975578577374,0.06046136524490767
513010,1654.9447264415182,0.06367429831115018
513013,1655.5915542780017,0.054330548695733345
513015,1645.2070374762952,0.05952036551637326
513016,1655.2691228611754,0.05634321153792812
513017,1659.241868896003,0.06858166054662151
513018,1657.593120501281,0.051425094873641684
513019,1650.078125251663,0.06302847699578608
513020,1649.2645528113264,0.07105040641200545
513021,1657.7597333230963,0.050820505773851526
513022,1654.5417431524172,0.0587718697644444
513023,1659.558633156312,0.06570679818450498
513024,1647.8892867381644,0.06946301277605556
513025,1622.5015344563628,0.0647436968836241
513028,1646.5835735194296,0.059908151701299685
513029,1658.9721779972754,0.055109372353764965
513030,1652.1435291139635,0.05810373423044892
513034,1627.364178164618,0.07768222969409984
513036,1646.942150570057,0.05393203487218451
513038,1632.8947209652677,0.05676429014241324
513042,1628.284843022712,0.058604578007826064
513047,1643.065346826816,0.04493360283259687
513049,1612.9770105258785,0.0681703773173135
513051,1654.8640698698346,0.07394410755167319
513056,1651.1746564548157,0.046666216371799
513057,1646.3578424996638,0.06512444396402883
513058,1655.1998541902701,0.04794894718655601
513059,1657.0117882543384,0.06313922455465651
513060,1659.0594847844682,0.04446185010720155
513061,1661.9270575651035,0.05829782384971734
513062,1660.3667962813586,0.04800071714394696
513064,1649.7061098112815,0.04587208949326286
513065,1658.6725663271636,0.06023921657044256
513066,1661.5900079187036,0.054901291959880236
513067,1659.4976068374322,0.07557712130159923
513068,1660.962746936344,0.06068671772098407
513069,1657.849668373514,0.05384164247469611
513070,1663.0603987581555,0.048508291841191126
513072,1652.6530434268552,0.07009080593297269
513073,1651.236882096453,0.07030370296304125
513074,1650.9896721675984,0.0523134615476153
513075,1662.611091216955,0.05005537404118143
513078,1651.333951124408,0.08898596723503459
513079,1630.7408727863985,0.10556086227786132
513080,1652.2171222730256,0.04661355127586333
513081,1652.121118739424,0.04630206455681249
513082,1654.4552098316597,0.04657934165579825
513083,1660.1162805687936,0.04858292941541032
513084,1652.7428907448716,0.0687142210759618
513085,1652.9719222110646,0.0637727480465211
513087,1654.4638735388069,0.06459403242838657
513088,1661.4720558838214,0.050090588858720586
513089,1659.7218393820165,0.042453122768852374
513091,1647.2735309475875,0.05715943085187631
513092,1656.2349286190465,0.05962511493005315
513093,1647.140499666074,0.06066240316081696
513094,1646.8543048476236,0.056492046477861275
513096,1669.9243838939312,0.06461942738539113
513097,1664.9772040234225,0.05501303359337598
513098,1648.5705601143102,0.06249225578219598
513099,1659.613736307557,0.052053128626377086
513100,1655.2132188912062,0.07060387047453857
513101,1661.582556887222,0.05992948695249632
513102,1648.8757691232395,0.050681872449534655
513103,1657.3959342791427,0.05345945670413036
513105,1652.949147461255,0.04915060237041062
513106,1662.965378560999,0.09480235191999506
513107,1658.9638657153475,0.06843677432943951
513108,1652.4836578215934,0.052524072338272505
513109,1641.281921583695,0.06453837632131175
513110,1645.5545808319146,0.06470635956606806
513111,1665.9656334301853,0.050706719049449595
513112,1654.9946100811494,0.056782911003206156
513113,1651.2982511160253,0.07724445879909138
513114,1651.2775515366104,0.06464525543852444
513115,1651.8801634146027,0.04869796198428939
513116,1655.2017675849052,0.04544835663445651
513117,1633.225292232436,0.06671681890847236
513118,1655.8515471777628,0.05501054464651843
513119,1653.953837117843,0.04986742310651517
513120,1636.9165816615182,0.05468501118407128
513121,1655.5671146143025,0.03670637961801165
513122,1647.636090645872,0.03988053535001474
513123,1645.291665298434,0.05109232358565695
513124,1659.011022733174,0.050192494731718475
513125,1652.0277928953055,0.052952448605687374
513126,1653.8843441418153,0.047316180741962185
513127,1647.8897473781026,0.053965241062283426
513129,1631.7512533068004,0.06638202449499755
513131,1660.07146876778,0.06297839024841516
513134,1657.7904192611902,0.059153418312974396
513136,1654.3899693993337,0.05297055241108243
513139,1651.1302114669772,0.040896940436127446
513140,1652.5359798958839,0.06331352582781505
513141,1650.8377619656592,0.047916653575761976
513143,1652.0691874839706,0.0803976786487772
513144,1655.885826099724,0.04702046260112606
513149,1647.1958439273212,0.09797225664789984
513150,1641.7638948684778,0.12714828325996183
513151,1645.2424838066565,0.05674136748188779
513153,1644.4974510589698,0.04127679037372113
513154,1621.2838840089962,0.06465736531209708
513155,1625.8163125690153,0.10842632208132606
513156,1643.2782093168619,0.04993201764632575
513158,1647.0486122357622,0.04989284318453647
513160,1647.0214087318084,0.059723445790518415
513161,1651.0604762874686,0.05788469337015154
513162,1653.0497585119583,0.0630344302287679
513163,1647.2941874009484,0.055612631225515706
513164,1645.2506108424373,0.04778064982408142
513165,1652.2448872195507,0.04456847860813803
513166,1627.6383259838026,0.04121498424194967
513167,1644.8743834428064,0.04622372828749521
513168,1652.7520002031415,0.04766705893369948
513169,1661.633990422809,0.03504602062397701
513172,1649.6372326561211,0.05932343287940921
513173,1650.2053922236498,0.05680266845291786
513177,1648.6692725078444,0.07809263523752531
513178,1651.7138355271093,0.08860587678600158
513179,1646.0909701996811,0.049573114562492186
513181,1656.7029753710567,0.06789590758684028
513184,1639.6650822186245,0.04327225994408958
513185,1661.2710177463898,0.05170598602458455
513186,1652.4319396210408,0.04900036825402802
513187,1639.0023240315384,0.046533090406797054
513188,1647.8474465955587,0.04256234681533249
513189,1634.9415674559075,0.05925843337177142
513190,1654.6840958912867,0.049719981761421915
513191,1650.4800320066058,0.06039269021386657
513192,1639.2283008939803,0.06244850952686697
513193,1651.4270015747459,0.060957111928545304
513194,1627.0796518559125,0.06272800536039662
513195,1645.168411369197,0.08584190363097426
513196,1645.360468638873,0.08628818089828513
513197,1638.0963866686216,0.04276735213940085
513198,1650.7523335039891,0.05609875336937464
513199,1636.4359669362343,0.04175036412359964
513200,1646.0498782847528,0.05239974476433296
513203,1651.1167243079399,0.09852540848807428
513205,1640.4929289991398,0.04433858956301373
513206,1659.6469610639883,0.07985506255382953
513207,1660.2660368469556,0.05927950106317644
513209,1658.0656275865913,0.056631797131384824
513210,1644.026607905425,0.04515731057672954
513211,1649.4906927979812,0.05397283018067847
513212,1653.6323564351392,0.04860345552840751
513213,1645.9503808759398,0.05682200375464099
513214,1643.0141486863913,0.03920832105898768
513215,1648.4483248470676,0.04681023251118434
513217,1647.7796601259356,0.06020683040359823
513218,1637.9034840531317,0.050662537702889615
513221,1640.4102802171656,0.0831965196827056
513222,1649.1585739971779,0.061451728354108504
513224,1644.224396025726,0.05586356794582525
513225,1638.7025193931347,0.048041565058863034
513226,1645.3113724611812,0.049157023643559984
513227,1638.734889372972,0.04204930384096441
513228,1637.4587426695607,0.05802156115150887
513229,1647.4323804275696,0.044952719419238465
513230,1654.5605180465518,0.03836042211982066
513231,1627.8412893687787,0.12123583105727788
513232,1658.9481412912664,0.0447604346290845
513233,1651.6315918017285,0.0418864454609559
513234,1655.8438012121635,0.0465867968823496
513235,1650.9912074331671,0.04075565045650231
513236,1660.9343697273603,0.08080577261730239
513237,1645.7788752620797,0.04236919488898419
513238,1655.943897310927,0.0885779015721393
513239,1652.2666108523752,0.03402079102705848
513240,1651.6247413681467,0.07798563430972637
513241,1658.2081391527504,0.06294144250478308
513242,1645.9521683866333,0.0701633946471978
513243,1655.4458046758377,0.05797048559603166
513244,1644.6617540481282,0.0740576117165643
513245,1644.81019175326,0.04216942910271202
513246,1644.2718270883497,0.042089694155825974
513247,1630.2725875182896,0.0984856382975556
513249,1644.5584304707181,0.0628389358795756
513250,1645.87461880512,0.05141569268394208
513251,1642.781814791864,0.052327486035428576
513252,1638.4452633354056,0.056776602453125095
513253,1633.6001677478719,0.07748247024848759
513254,1640.503670693318,0.046480752502329706
513255,1647.899397915108,0.06324192674986757
513256,1640.9704261310576,0.06111216320380674
513257,1649.7770368366719,0.0659152030411748
513259,1647.7270379259974,0.042848199565557264
513260,1646.6333207877828,0.052391204588964166
513261,1649.2748273923216,0.04146771156196486
513262,1653.5750328249412,0.05354584841958514
513263,1651.4185094993393,0.10169497194558051
513264,1641.785549677478,0.11460320276782376
513265,1638.6983085008342,0.05337485099441339
513266,1635.481819844383,0.08362761325265985
513267,1648.17913299905,0.049251301924431
513268,1661.2639093748721,0.044030592529261954
513269,1644.960375905733,0.05530797405680541
513270,1655.0163931687782,0.05113914331187869
513271,1645.5997575381361,0.04671587879225069
513272,1642.490882276974,0.048026756321486876
513273,1649.0339864706486,0.06702847538930763
513274,1651.3557203446949,0.05730284203650525
513275,1649.048306165695,0.059601916958453356
513278,1640.8175905809192,0.05631062506369865
513281,1652.5230253411255,0.06439198257758669
513282,1646.238533468858,0.05988097184291705
513283,1639.4312429131605,0.0855579559317645
513284,1653.9670256189963,0.10093942430882051
513285,1647.5426556628934,0.045975759762433864
513286,1649.079151267614,0.046146232967352666
513287,1640.8185962112266,0.04045599141569384
513288,1611.6485469962963,0.04268153626701739
513289,1622.7905718412574,0.05069380615478271
513290,1640.2875226683207,0.042178659592626525
513292,1631.0011215595352,0.035850584147161024
513293,1636.1206656252396,0.04584046148639827
513294,1633.6875702368382,0.04388360667535766
513297,1636.4604843134657,0.0844662012556247
513299,1660.2265957514637,0.058897692870615886
513301,1640.668511273526,0.05302175833550343
513302,1645.0424595601794,0.055187171799422875
513303,1642.952074461754,0.08824790812605512
513304,1652.466736884104,0.071881162859732
513305,1635.080723965187,0.09865940946304871
513307,1644.0042475745183,0.04997644106158579
513309,1654.3937424179933,0.05295536678128788
513310,1650.338537145956,0.08075176413724941
513311,1637.2942293737003,0.04967179311681415
513313,1644.0535982231704,0.047592448022580176
513316,1629.3645477543685,0.08439283826714455
513317,1643.7572616867114,0.1181204711986652
513318,1652.0852138008697,0.06792235391535345
513319,1643.716573946439,0.049820390480048035
513320,1649.7256260675279,0.050319606216022356
513321,1631.7096479435145,0.07283717277230078
513322,1656.1468340375568,0.06750407501085537
513323,1648.107588496526,0.09703756667283597
513324,1650.3186807906538,0.05580551138378451
513325,1647.6926765740122,0.050235978606883024
513326,1650.8125994202,0.03964307616568511
513327,1646.0889903989548,0.05727552208733396
513328,1652.9863784193235,0.046700731243269226
513330,1654.321074186899,0.055730766138438456
513331,1644.4282288679578,0.05582609608863796
513332,1653.7717781612994,0.04736998740078391
513333,1648.7242725681192,0.0494611081206152
513334,1650.6648507494992,0.04618696825765271
513335,1646.6332848798274,0.05402215449499985
513336,1615.8893092913072,0.07239690303150016
513337,1659.1481500509115,0.047764420918932876
513338,1657.2470404245905,0.05904321568319855
513339,1648.68062240358,0.055963267843632744
513341,1649.8529136770628,0.07836619807228401
513342,1651.8814799347906,0.07705514220677596
513344,1651.8118423206326,0.09175940014259149
513345,1643.8672303120727,0.08948156809268781
513346,1645.437190108501,0.07620951920784681
513347,1646.817664024401,0.05482883929304402
513348,1650.0377177289415,0.043708713498147
513349,1655.6138810701812,0.05843964585989972
513350,1657.6573374357918,0.07199259014504444
513351,1652.9537776771913,0.04951914900949702
513352,1638.1584337996358,0.07576261232693332
513354,1649.2729589998376,0.08796302658764239
513357,1649.510412951132,0.08569374887104121
513358,1643.433843526181,0.0711570078809089
513359,1652.5126475865054,0.05146750921138045
513360,1641.8954504622238,0.048197573185134936
513361,1652.3453563543846,0.035527396348965234
513362,1642.7493644767142,0.03983198769360484
513363,1646.5364278967768,0.04864668225870586
513364,1643.2566613873441,0.03649653557658839
513365,1626.6096150600495,0.041504780846488544
513366,1647.6989384197268,0.04265521642444348
513367,1628.6576253872306,0.05197248436544846
513369,1636.5816366398537,0.03493039862671838
513370,1646.3775692814347,0.043318962868644596
513371,1645.84623454679,0.03566605932254259
513372,1653.17517943292,0.03555507595599654
513374,1650.9576101046796,0.040613389488459405
